Device UUID,Device Name,Serial Number,OS Version,Last Seen,User Name,Organization Group,Compliance Status,Policy Setting,Policy,Policy Path
c6ea923b-57bf-4159-9ba4-2aaeb344b2bd,DESKTOP-120LONF,VMware-56 4d b0 2a 75 a5 43 5f-1a 6f c8 2b 91 fa cc cc,10.0.22000,23/3/2026 5:49:43 am,omnissans.local\philtest1,India,NonCompliant,Enabled,Account lockout duration,Computer Configuration/Windows Settings/Security Settings/Account Policies/Account Lockout Policy
056a8277-0729-4975-a1df-fe1cf363c437,DESKTOP-O2445N2,VMware-56 4d ec f1 ba 9d df f1-fc 4e 11 44 05 b7 51 1c,10.0.22000,23/2/2026 3:58:03 am,omnissans.local\philtest1,ANZ,NotAvailable,Enabled,NetBT NodeType configuration,Computer Configuration/Administrative Templates/MS Security Guide
056a8277-0729-4975-a1df-fe1cf363c437,DESKTOP-O2445N2,VMware-56 4d ec f1 ba 9d df f1-fc 4e 11 44 05 b7 51 1c,10.0.22000,23/2/2026 3:58:03 am,omnissans.local\philtest1,ANZ,NotAvailable,Enabled,Navigate windows and frames across different domains,Computer Configuration/Administrative Templates/Windows Components/Internet Explorer/Internet Control Panel/Security Page/Restricted Sites Zone
056a8277-0729-4975-a1df-fe1cf363c437,DESKTOP-O2445N2,VMware-56 4d ec f1 ba 9d df f1-fc 4e 11 44 05 b7 51 1c,10.0.22000,23/2/2026 3:58:03 am,omnissans.local\philtest1,ANZ,NotAvailable,Enabled,Navigate windows and frames across different domains,Computer Configuration/Administrative Templates/Windows Components/Internet Explorer/Internet Control Panel/Security Page/Internet Zone
056a8277-0729-4975-a1df-fe1cf363c437,DESKTOP-O2445N2,VMware-56 4d ec f1 ba 9d df f1-fc 4e 11 44 05 b7 51 1c,10.0.22000,23/2/2026 3:58:03 am,omnissans.local\philtest1,ANZ,NotAvailable,Enabled,MSS: (NoNameReleaseOnDemand) Allow the computer to ignore NetBIOS name release requests except from WINS servers,Computer Configuration/Administrative Templates/MSS (Legacy)
056a8277-0729-4975-a1df-fe1cf363c437,DESKTOP-O2445N2,VMware-56 4d ec f1 ba 9d df f1-fc 4e 11 44 05 b7 51 1c,10.0.22000,23/2/2026 3:58:03 am,omnissans.local\philtest1,ANZ,NotAvailable,Disabled,MSS: (EnableICMPRedirect) Allow ICMP redirects to override OSPF generated routes,Computer Configuration/Administrative Templates/MSS (Legacy)
056a8277-0729-4975-a1df-fe1cf363c437,DESKTOP-O2445N2,VMware-56 4d ec f1 ba 9d df f1-fc 4e 11 44 05 b7 51 1c,10.0.22000,23/2/2026 3:58:03 am,omnissans.local\philtest1,ANZ,NotAvailable,Enabled,MSS: (DisableIPSourceRouting) IP source routing protection level,Computer Configuration/Administrative Templates/MSS (Legacy)
056a8277-0729-4975-a1df-fe1cf363c437,DESKTOP-O2445N2,VMware-56 4d ec f1 ba 9d df f1-fc 4e 11 44 05 b7 51 1c,10.0.22000,23/2/2026 3:58:03 am,omnissans.local\philtest1,ANZ,NotAvailable,Enabled,MSS: (DisableIPSourceRouting IPv6) IP source routing protection level,Computer Configuration/Administrative Templates/MSS (Legacy)
056a8277-0729-4975-a1df-fe1cf363c437,DESKTOP-O2445N2,VMware-56 4d ec f1 ba 9d df f1-fc 4e 11 44 05 b7 51 1c,10.0.22000,23/2/2026 3:58:03 am,omnissans.local\philtest1,ANZ,NotAvailable,Enabled,Monitor file and program activity on your computer,Computer Configuration/Administrative Templates/Windows Components/Microsoft Defender Antivirus/Real-time Protection
056a8277-0729-4975-a1df-fe1cf363c437,DESKTOP-O2445N2,VMware-56 4d ec f1 ba 9d df f1-fc 4e 11 44 05 b7 51 1c,10.0.22000,23/2/2026 3:58:03 am,omnissans.local\philtest1,ANZ,NotAvailable,Disabled,Network access: Allow anonymous SID/Name translation,Computer Configuration/Windows Settings/Security Settings/Local Policies/Security Options
056a8277-0729-4975-a1df-fe1cf363c437,DESKTOP-O2445N2,VMware-56 4d ec f1 ba 9d df f1-fc 4e 11 44 05 b7 51 1c,10.0.22000,23/2/2026 3:58:03 am,omnissans.local\philtest1,ANZ,NotAvailable,Enabled,Modify firmware environment values,Computer Configuration/Windows Settings/Security Settings/Local Policies/User Rights Assignment
056a8277-0729-4975-a1df-fe1cf363c437,DESKTOP-O2445N2,VMware-56 4d ec f1 ba 9d df f1-fc 4e 11 44 05 b7 51 1c,10.0.22000,23/2/2026 3:58:03 am,omnissans.local\philtest1,ANZ,NotAvailable,Enabled,Microsoft network server: Digitally sign communications (always),Computer Configuration/Windows Settings/Security Settings/Local Policies/Security Options
056a8277-0729-4975-a1df-fe1cf363c437,DESKTOP-O2445N2,VMware-56 4d ec f1 ba 9d df f1-fc 4e 11 44 05 b7 51 1c,10.0.22000,23/2/2026 3:58:03 am,omnissans.local\philtest1,ANZ,NotAvailable,Disabled,Microsoft network client: Send unencrypted password to third-party SMB servers,Computer Configuration/Windows Settings/Security Settings/Local Policies/Security Options
056a8277-0729-4975-a1df-fe1cf363c437,DESKTOP-O2445N2,VMware-56 4d ec f1 ba 9d df f1-fc 4e 11 44 05 b7 51 1c,10.0.22000,23/2/2026 3:58:03 am,omnissans.local\philtest1,ANZ,NotAvailable,Enabled,Microsoft network client: Digitally sign communications (always),Computer Configuration/Windows Settings/Security Settings/Local Policies/Security Options
056a8277-0729-4975-a1df-fe1cf363c437,DESKTOP-O2445N2,VMware-56 4d ec f1 ba 9d df f1-fc 4e 11 44 05 b7 51 1c,10.0.22000,23/2/2026 3:58:03 am,omnissans.local\philtest1,ANZ,NotAvailable,Enabled,Mandate the minimum version of SMB,Computer Configuration/Administrative Templates/Network/Lanman Workstation
056a8277-0729-4975-a1df-fe1cf363c437,DESKTOP-O2445N2,VMware-56 4d ec f1 ba 9d df f1-fc 4e 11 44 05 b7 51 1c,10.0.22000,23/2/2026 3:58:03 am,omnissans.local\philtest1,ANZ,NotAvailable,Enabled,Mandate the minimum version of SMB,Computer Configuration/Administrative Templates/Network/Lanman Server
056a8277-0729-4975-a1df-fe1cf363c437,DESKTOP-O2445N2,VMware-56 4d ec f1 ba 9d df f1-fc 4e 11 44 05 b7 51 1c,10.0.22000,23/2/2026 3:58:03 am,omnissans.local\philtest1,ANZ,NotAvailable,Enabled,Mandate the maximum version of SMB,Computer Configuration/Administrative Templates/Network/Lanman Workstation
056a8277-0729-4975-a1df-fe1cf363c437,DESKTOP-O2445N2,VMware-56 4d ec f1 ba 9d df f1-fc 4e 11 44 05 b7 51 1c,10.0.22000,23/2/2026 3:58:03 am,omnissans.local\philtest1,ANZ,NotAvailable,Enabled,Mandate the maximum version of SMB,Computer Configuration/Administrative Templates/Network/Lanman Server
056a8277-0729-4975-a1df-fe1cf363c437,DESKTOP-O2445N2,VMware-56 4d ec f1 ba 9d df f1-fc 4e 11 44 05 b7 51 1c,10.0.22000,23/2/2026 3:58:03 am,omnissans.local\philtest1,ANZ,NotAvailable,Enabled,Manage processing of Queue-specific files,Computer Configuration/Administrative Templates/Printers
056a8277-0729-4975-a1df-fe1cf363c437,DESKTOP-O2445N2,VMware-56 4d ec f1 ba 9d df f1-fc 4e 11 44 05 b7 51 1c,10.0.22000,23/2/2026 3:58:03 am,omnissans.local\philtest1,ANZ,NotAvailable,Enabled,Minimum password length,Computer Configuration/Windows Settings/Security Settings/Account Policies/Password Policy
056a8277-0729-4975-a1df-fe1cf363c437,DESKTOP-O2445N2,VMware-56 4d ec f1 ba 9d df f1-fc 4e 11 44 05 b7 51 1c,10.0.22000,23/2/2026 3:58:03 am,omnissans.local\philtest1,ANZ,NotAvailable,Enabled,Network access: Do not allow anonymous enumeration of SAM accounts,Computer Configuration/Windows Settings/Security Settings/Local Policies/Security Options
056a8277-0729-4975-a1df-fe1cf363c437,DESKTOP-O2445N2,VMware-56 4d ec f1 ba 9d df f1-fc 4e 11 44 05 b7 51 1c,10.0.22000,23/2/2026 3:58:03 am,omnissans.local\philtest1,ANZ,NotAvailable,Enabled,Network access: Do not allow anonymous enumeration of SAM accounts and shares,Computer Configuration/Windows Settings/Security Settings/Local Policies/Security Options
056a8277-0729-4975-a1df-fe1cf363c437,DESKTOP-O2445N2,VMware-56 4d ec f1 ba 9d df f1-fc 4e 11 44 05 b7 51 1c,10.0.22000,23/2/2026 3:58:03 am,omnissans.local\philtest1,ANZ,NotAvailable,Enabled,Network access: Restrict anonymous access to Named Pipes and Shares,Computer Configuration/Windows Settings/Security Settings/Local Policies/Security Options
056a8277-0729-4975-a1df-fe1cf363c437,DESKTOP-O2445N2,VMware-56 4d ec f1 ba 9d df f1-fc 4e 11 44 05 b7 51 1c,10.0.22000,23/2/2026 3:58:03 am,omnissans.local\philtest1,ANZ,NotAvailable,Enabled,Prevent managing SmartScreen Filter,Computer Configuration/Administrative Templates/Windows Components/Internet Explorer
056a8277-0729-4975-a1df-fe1cf363c437,DESKTOP-O2445N2,VMware-56 4d ec f1 ba 9d df f1-fc 4e 11 44 05 b7 51 1c,10.0.22000,23/2/2026 3:58:03 am,omnissans.local\philtest1,ANZ,NotAvailable,Enabled,Prevent installation of devices using drivers that match these device setup classes,Computer Configuration/Administrative Templates/System/Device Installation/Device Installation Restrictions
056a8277-0729-4975-a1df-fe1cf363c437,DESKTOP-O2445N2,VMware-56 4d ec f1 ba 9d df f1-fc 4e 11 44 05 b7 51 1c,10.0.22000,23/2/2026 3:58:03 am,omnissans.local\philtest1,ANZ,NotAvailable,Enabled,Prevent ignoring certificate errors,Computer Configuration/Administrative Templates/Windows Components/Internet Explorer/Internet Control Panel
056a8277-0729-4975-a1df-fe1cf363c437,DESKTOP-O2445N2,VMware-56 4d ec f1 ba 9d df f1-fc 4e 11 44 05 b7 51 1c,10.0.22000,23/2/2026 3:58:03 am,omnissans.local\philtest1,ANZ,NotAvailable,Enabled,Prevent enabling lock screen slide show,Computer Configuration/Administrative Templates/Control Panel/Personalization
056a8277-0729-4975-a1df-fe1cf363c437,DESKTOP-O2445N2,VMware-56 4d ec f1 ba 9d df f1-fc 4e 11 44 05 b7 51 1c,10.0.22000,23/2/2026 3:58:03 am,omnissans.local\philtest1,ANZ,NotAvailable,Enabled,Prevent enabling lock screen camera,Computer Configuration/Administrative Templates/Control Panel/Personalization
056a8277-0729-4975-a1df-fe1cf363c437,DESKTOP-O2445N2,VMware-56 4d ec f1 ba 9d df f1-fc 4e 11 44 05 b7 51 1c,10.0.22000,23/2/2026 3:58:03 am,omnissans.local\philtest1,ANZ,NotAvailable,Enabled,Prevent downloading of enclosures,Computer Configuration/Administrative Templates/Windows Components/RSS Feeds
056a8277-0729-4975-a1df-fe1cf363c437,DESKTOP-O2445N2,VMware-56 4d ec f1 ba 9d df f1-fc 4e 11 44 05 b7 51 1c,10.0.22000,23/2/2026 3:58:03 am,omnissans.local\philtest1,ANZ,NotAvailable,Enabled,Prevent bypassing SmartScreen Filter warnings about files that are not commonly downloaded from the Internet,Computer Configuration/Administrative Templates/Windows Components/Internet Explorer
056a8277-0729-4975-a1df-fe1cf363c437,DESKTOP-O2445N2,VMware-56 4d ec f1 ba 9d df f1-fc 4e 11 44 05 b7 51 1c,10.0.22000,23/2/2026 3:58:03 am,omnissans.local\philtest1,ANZ,NotAvailable,Enabled,Prevent bypassing SmartScreen Filter warnings,Computer Configuration/Administrative Templates/Windows Components/Internet Explorer
056a8277-0729-4975-a1df-fe1cf363c437,DESKTOP-O2445N2,VMware-56 4d ec f1 ba 9d df f1-fc 4e 11 44 05 b7 51 1c,10.0.22000,23/2/2026 3:58:03 am,omnissans.local\philtest1,ANZ,NotAvailable,Enabled,Perform volume maintenance tasks,Computer Configuration/Windows Settings/Security Settings/Local Policies/User Rights Assignment
056a8277-0729-4975-a1df-fe1cf363c437,DESKTOP-O2445N2,VMware-56 4d ec f1 ba 9d df f1-fc 4e 11 44 05 b7 51 1c,10.0.22000,23/2/2026 3:58:03 am,omnissans.local\philtest1,ANZ,NotAvailable,Enabled,Password must meet complexity requirements,Computer Configuration/Windows Settings/Security Settings/Account Policies/Password Policy
056a8277-0729-4975-a1df-fe1cf363c437,DESKTOP-O2445N2,VMware-56 4d ec f1 ba 9d df f1-fc 4e 11 44 05 b7 51 1c,10.0.22000,23/2/2026 3:58:03 am,omnissans.local\philtest1,ANZ,NotAvailable,Enabled,Notify Unsafe App,Computer Configuration/Administrative Templates/Windows Components/Windows Defender SmartScreen/Enhanced Phishing Protection
056a8277-0729-4975-a1df-fe1cf363c437,DESKTOP-O2445N2,VMware-56 4d ec f1 ba 9d df f1-fc 4e 11 44 05 b7 51 1c,10.0.22000,23/2/2026 3:58:03 am,omnissans.local\philtest1,ANZ,NotAvailable,Enabled,Notify Password Reuse,Computer Configuration/Administrative Templates/Windows Components/Windows Defender SmartScreen/Enhanced Phishing Protection
056a8277-0729-4975-a1df-fe1cf363c437,DESKTOP-O2445N2,VMware-56 4d ec f1 ba 9d df f1-fc 4e 11 44 05 b7 51 1c,10.0.22000,23/2/2026 3:58:03 am,omnissans.local\philtest1,ANZ,NotAvailable,Enabled,Notify Malicious,Computer Configuration/Administrative Templates/Windows Components/Windows Defender SmartScreen/Enhanced Phishing Protection
056a8277-0729-4975-a1df-fe1cf363c437,DESKTOP-O2445N2,VMware-56 4d ec f1 ba 9d df f1-fc 4e 11 44 05 b7 51 1c,10.0.22000,23/2/2026 3:58:03 am,omnissans.local\philtest1,ANZ,NotAvailable,Enabled,Network security: Minimum session security for NTLM SSP based (including secure RPC) servers,Computer Configuration/Windows Settings/Security Settings/Local Policies/Security Options
056a8277-0729-4975-a1df-fe1cf363c437,DESKTOP-O2445N2,VMware-56 4d ec f1 ba 9d df f1-fc 4e 11 44 05 b7 51 1c,10.0.22000,23/2/2026 3:58:03 am,omnissans.local\philtest1,ANZ,NotAvailable,Enabled,Network security: Minimum session security for NTLM SSP based (including secure RPC) clients,Computer Configuration/Windows Settings/Security Settings/Local Policies/Security Options
056a8277-0729-4975-a1df-fe1cf363c437,DESKTOP-O2445N2,VMware-56 4d ec f1 ba 9d df f1-fc 4e 11 44 05 b7 51 1c,10.0.22000,23/2/2026 3:58:03 am,omnissans.local\philtest1,ANZ,NotAvailable,Enabled,Network security: LDAP client signing requirements,Computer Configuration/Windows Settings/Security Settings/Local Policies/Security Options
056a8277-0729-4975-a1df-fe1cf363c437,DESKTOP-O2445N2,VMware-56 4d ec f1 ba 9d df f1-fc 4e 11 44 05 b7 51 1c,10.0.22000,23/2/2026 3:58:03 am,omnissans.local\philtest1,ANZ,NotAvailable,Enabled,Network security: LAN Manager authentication level,Computer Configuration/Windows Settings/Security Settings/Local Policies/Security Options
056a8277-0729-4975-a1df-fe1cf363c437,DESKTOP-O2445N2,VMware-56 4d ec f1 ba 9d df f1-fc 4e 11 44 05 b7 51 1c,10.0.22000,23/2/2026 3:58:03 am,omnissans.local\philtest1,ANZ,NotAvailable,Disabled,Network security: Allow LocalSystem NULL session fallback,Computer Configuration/Windows Settings/Security Settings/Local Policies/Security Options
056a8277-0729-4975-a1df-fe1cf363c437,DESKTOP-O2445N2,VMware-56 4d ec f1 ba 9d df f1-fc 4e 11 44 05 b7 51 1c,10.0.22000,23/2/2026 3:58:03 am,omnissans.local\philtest1,ANZ,NotAvailable,Enabled,Network access: Restrict clients allowed to make remote calls to SAM,Computer Configuration/Windows Settings/Security Settings/Local Policies/Security Options
056a8277-0729-4975-a1df-fe1cf363c437,DESKTOP-O2445N2,VMware-56 4d ec f1 ba 9d df f1-fc 4e 11 44 05 b7 51 1c,10.0.22000,23/2/2026 3:58:03 am,omnissans.local\philtest1,ANZ,NotAvailable,Enabled,Manage auditing and security log,Computer Configuration/Windows Settings/Security Settings/Local Policies/User Rights Assignment
056a8277-0729-4975-a1df-fe1cf363c437,DESKTOP-O2445N2,VMware-56 4d ec f1 ba 9d df f1-fc 4e 11 44 05 b7 51 1c,10.0.22000,23/2/2026 3:58:03 am,omnissans.local\philtest1,ANZ,NotAvailable,Enabled,Prevent per-user installation of ActiveX controls,Computer Configuration/Administrative Templates/Windows Components/Internet Explorer
056a8277-0729-4975-a1df-fe1cf363c437,DESKTOP-O2445N2,VMware-56 4d ec f1 ba 9d df f1-fc 4e 11 44 05 b7 51 1c,10.0.22000,23/2/2026 3:58:03 am,omnissans.local\philtest1,ANZ,NotAvailable,Enabled,LSA Protection,Computer Configuration/Administrative Templates/MS Security Guide
056a8277-0729-4975-a1df-fe1cf363c437,DESKTOP-O2445N2,VMware-56 4d ec f1 ba 9d df f1-fc 4e 11 44 05 b7 51 1c,10.0.22000,23/2/2026 3:58:03 am,omnissans.local\philtest1,ANZ,NotAvailable,Enabled,Logon options,Computer Configuration/Administrative Templates/Windows Components/Internet Explorer/Internet Control Panel/Security Page/Internet Zone
056a8277-0729-4975-a1df-fe1cf363c437,DESKTOP-O2445N2,VMware-56 4d ec f1 ba 9d df f1-fc 4e 11 44 05 b7 51 1c,10.0.22000,23/2/2026 3:58:03 am,omnissans.local\philtest1,ANZ,NotAvailable,Enabled,Internet Explorer Processes,Computer Configuration/Administrative Templates/Windows Components/Internet Explorer/Security Features/Mime Sniffing Safety Feature
056a8277-0729-4975-a1df-fe1cf363c437,DESKTOP-O2445N2,VMware-56 4d ec f1 ba 9d df f1-fc 4e 11 44 05 b7 51 1c,10.0.22000,23/2/2026 3:58:03 am,omnissans.local\philtest1,ANZ,NotAvailable,Enabled,Internet Explorer Processes,Computer Configuration/Administrative Templates/Windows Components/Internet Explorer/Security Features/Consistent Mime Handling
056a8277-0729-4975-a1df-fe1cf363c437,DESKTOP-O2445N2,VMware-56 4d ec f1 ba 9d df f1-fc 4e 11 44 05 b7 51 1c,10.0.22000,23/2/2026 3:58:03 am,omnissans.local\philtest1,ANZ,NotAvailable,Enabled,Interactive logon: Smart card removal behavior,Computer Configuration/Windows Settings/Security Settings/Local Policies/Security Options
056a8277-0729-4975-a1df-fe1cf363c437,DESKTOP-O2445N2,VMware-56 4d ec f1 ba 9d df f1-fc 4e 11 44 05 b7 51 1c,10.0.22000,23/2/2026 3:58:03 am,omnissans.local\philtest1,ANZ,NotAvailable,Enabled,Interactive logon: Machine inactivity limit,Computer Configuration/Windows Settings/Security Settings/Local Policies/Security Options
056a8277-0729-4975-a1df-fe1cf363c437,DESKTOP-O2445N2,VMware-56 4d ec f1 ba 9d df f1-fc 4e 11 44 05 b7 51 1c,10.0.22000,23/2/2026 3:58:03 am,omnissans.local\philtest1,ANZ,NotAvailable,Enabled,Initialize and script ActiveX controls not marked as safe,Computer Configuration/Administrative Templates/Windows Components/Internet Explorer/Internet Control Panel/Security Page/Trusted Sites Zone
056a8277-0729-4975-a1df-fe1cf363c437,DESKTOP-O2445N2,VMware-56 4d ec f1 ba 9d df f1-fc 4e 11 44 05 b7 51 1c,10.0.22000,23/2/2026 3:58:03 am,omnissans.local\philtest1,ANZ,NotAvailable,Enabled,Initialize and script ActiveX controls not marked as safe,Computer Configuration/Administrative Templates/Windows Components/Internet Explorer/Internet Control Panel/Security Page/Restricted Sites Zone
056a8277-0729-4975-a1df-fe1cf363c437,DESKTOP-O2445N2,VMware-56 4d ec f1 ba 9d df f1-fc 4e 11 44 05 b7 51 1c,10.0.22000,23/2/2026 3:58:03 am,omnissans.local\philtest1,ANZ,NotAvailable,Enabled,Initialize and script ActiveX controls not marked as safe,Computer Configuration/Administrative Templates/Windows Components/Internet Explorer/Internet Control Panel/Security Page/Intranet Zone
056a8277-0729-4975-a1df-fe1cf363c437,DESKTOP-O2445N2,VMware-56 4d ec f1 ba 9d df f1-fc 4e 11 44 05 b7 51 1c,10.0.22000,23/2/2026 3:58:03 am,omnissans.local\philtest1,ANZ,NotAvailable,Enabled,Initialize and script ActiveX controls not marked as safe,Computer Configuration/Administrative Templates/Windows Components/Internet Explorer/Internet Control Panel/Security Page/Internet Zone
056a8277-0729-4975-a1df-fe1cf363c437,DESKTOP-O2445N2,VMware-56 4d ec f1 ba 9d df f1-fc 4e 11 44 05 b7 51 1c,10.0.22000,23/2/2026 3:58:03 am,omnissans.local\philtest1,ANZ,NotAvailable,Enabled,Internet Explorer Processes,Computer Configuration/Administrative Templates/Windows Components/Internet Explorer/Security Features/MK Protocol Security Restriction
056a8277-0729-4975-a1df-fe1cf363c437,DESKTOP-O2445N2,VMware-56 4d ec f1 ba 9d df f1-fc 4e 11 44 05 b7 51 1c,10.0.22000,23/2/2026 3:58:03 am,omnissans.local\philtest1,ANZ,NotAvailable,Enabled,Include local path when user is uploading files to a server,Computer Configuration/Administrative Templates/Windows Components/Internet Explorer/Internet Control Panel/Security Page/Restricted Sites Zone
056a8277-0729-4975-a1df-fe1cf363c437,DESKTOP-O2445N2,VMware-56 4d ec f1 ba 9d df f1-fc 4e 11 44 05 b7 51 1c,10.0.22000,23/2/2026 3:58:03 am,omnissans.local\philtest1,ANZ,NotAvailable,Enabled,Include command line in process creation events,Computer Configuration/Administrative Templates/System/Audit Process Creation
056a8277-0729-4975-a1df-fe1cf363c437,DESKTOP-O2445N2,VMware-56 4d ec f1 ba 9d df f1-fc 4e 11 44 05 b7 51 1c,10.0.22000,23/2/2026 3:58:03 am,omnissans.local\philtest1,ANZ,NotAvailable,Enabled,Impersonate a client after authentication,Computer Configuration/Windows Settings/Security Settings/Local Policies/User Rights Assignment
056a8277-0729-4975-a1df-fe1cf363c437,DESKTOP-O2445N2,VMware-56 4d ec f1 ba 9d df f1-fc 4e 11 44 05 b7 51 1c,10.0.22000,23/2/2026 3:58:03 am,omnissans.local\philtest1,ANZ,NotAvailable,Enabled,Hardened UNC Paths,Computer Configuration/Administrative Templates/Network/Network Provider
056a8277-0729-4975-a1df-fe1cf363c437,DESKTOP-O2445N2,VMware-56 4d ec f1 ba 9d df f1-fc 4e 11 44 05 b7 51 1c,10.0.22000,23/2/2026 3:58:03 am,omnissans.local\philtest1,ANZ,NotAvailable,Enabled,Force shutdown from a remote system,Computer Configuration/Windows Settings/Security Settings/Local Policies/User Rights Assignment
056a8277-0729-4975-a1df-fe1cf363c437,DESKTOP-O2445N2,VMware-56 4d ec f1 ba 9d df f1-fc 4e 11 44 05 b7 51 1c,10.0.22000,23/2/2026 3:58:03 am,omnissans.local\philtest1,ANZ,NotAvailable,Enabled,Enumeration policy for external devices incompatible with Kernel DMA Protection,Computer Configuration/Administrative Templates/System/Kernel DMA Protection
056a8277-0729-4975-a1df-fe1cf363c437,DESKTOP-O2445N2,VMware-56 4d ec f1 ba 9d df f1-fc 4e 11 44 05 b7 51 1c,10.0.22000,23/2/2026 3:58:03 am,omnissans.local\philtest1,ANZ,NotAvailable,Disabled,Enumerate local users on domain-joined computers,Computer Configuration/Administrative Templates/System/Logon
056a8277-0729-4975-a1df-fe1cf363c437,DESKTOP-O2445N2,VMware-56 4d ec f1 ba 9d df f1-fc 4e 11 44 05 b7 51 1c,10.0.22000,23/2/2026 3:58:03 am,omnissans.local\philtest1,ANZ,NotAvailable,Disabled,Enumerate administrator accounts on elevation,Computer Configuration/Administrative Templates/Windows Components/Credential User Interface
056a8277-0729-4975-a1df-fe1cf363c437,DESKTOP-O2445N2,VMware-56 4d ec f1 ba 9d df f1-fc 4e 11 44 05 b7 51 1c,10.0.22000,23/2/2026 3:58:03 am,omnissans.local\philtest1,ANZ,NotAvailable,Enabled,Enforce password history,Computer Configuration/Windows Settings/Security Settings/Account Policies/Password Policy
056a8277-0729-4975-a1df-fe1cf363c437,DESKTOP-O2445N2,VMware-56 4d ec f1 ba 9d df f1-fc 4e 11 44 05 b7 51 1c,10.0.22000,23/2/2026 3:58:03 am,omnissans.local\philtest1,ANZ,NotAvailable,Enabled,Include local path when user is uploading files to a server,Computer Configuration/Administrative Templates/Windows Components/Internet Explorer/Internet Control Panel/Security Page/Internet Zone
056a8277-0729-4975-a1df-fe1cf363c437,DESKTOP-O2445N2,VMware-56 4d ec f1 ba 9d df f1-fc 4e 11 44 05 b7 51 1c,10.0.22000,23/2/2026 3:58:03 am,omnissans.local\philtest1,ANZ,NotAvailable,Enabled,Internet Explorer Processes,Computer Configuration/Administrative Templates/Windows Components/Internet Explorer/Security Features/Notification bar
056a8277-0729-4975-a1df-fe1cf363c437,DESKTOP-O2445N2,VMware-56 4d ec f1 ba 9d df f1-fc 4e 11 44 05 b7 51 1c,10.0.22000,23/2/2026 3:58:03 am,omnissans.local\philtest1,ANZ,NotAvailable,Enabled,Internet Explorer Processes,Computer Configuration/Administrative Templates/Windows Components/Internet Explorer/Security Features/Protection From Zone Elevation
056a8277-0729-4975-a1df-fe1cf363c437,DESKTOP-O2445N2,VMware-56 4d ec f1 ba 9d df f1-fc 4e 11 44 05 b7 51 1c,10.0.22000,23/2/2026 3:58:03 am,omnissans.local\philtest1,ANZ,NotAvailable,Enabled,Internet Explorer Processes,Computer Configuration/Administrative Templates/Windows Components/Internet Explorer/Security Features/Restrict ActiveX Install
056a8277-0729-4975-a1df-fe1cf363c437,DESKTOP-O2445N2,VMware-56 4d ec f1 ba 9d df f1-fc 4e 11 44 05 b7 51 1c,10.0.22000,23/2/2026 3:58:03 am,omnissans.local\philtest1,ANZ,NotAvailable,Enabled,Lock pages in memory,Computer Configuration/Windows Settings/Security Settings/Local Policies/User Rights Assignment
056a8277-0729-4975-a1df-fe1cf363c437,DESKTOP-O2445N2,VMware-56 4d ec f1 ba 9d df f1-fc 4e 11 44 05 b7 51 1c,10.0.22000,23/2/2026 3:58:03 am,omnissans.local\philtest1,ANZ,NotAvailable,Enabled,Load and unload device drivers,Computer Configuration/Windows Settings/Security Settings/Local Policies/User Rights Assignment
056a8277-0729-4975-a1df-fe1cf363c437,DESKTOP-O2445N2,VMware-56 4d ec f1 ba 9d df f1-fc 4e 11 44 05 b7 51 1c,10.0.22000,23/2/2026 3:58:03 am,omnissans.local\philtest1,ANZ,NotAvailable,Enabled,Limits print driver installation to Administrators,Computer Configuration/Administrative Templates/Printers
056a8277-0729-4975-a1df-fe1cf363c437,DESKTOP-O2445N2,VMware-56 4d ec f1 ba 9d df f1-fc 4e 11 44 05 b7 51 1c,10.0.22000,23/2/2026 3:58:03 am,omnissans.local\philtest1,ANZ,NotAvailable,Enabled,Let Windows apps activate with voice while the system is locked,Computer Configuration/Administrative Templates/Windows Components/App Privacy
056a8277-0729-4975-a1df-fe1cf363c437,DESKTOP-O2445N2,VMware-56 4d ec f1 ba 9d df f1-fc 4e 11 44 05 b7 51 1c,10.0.22000,23/2/2026 3:58:03 am,omnissans.local\philtest1,ANZ,NotAvailable,Enabled,Launching applications and files in an IFRAME,Computer Configuration/Administrative Templates/Windows Components/Internet Explorer/Internet Control Panel/Security Page/Restricted Sites Zone
056a8277-0729-4975-a1df-fe1cf363c437,DESKTOP-O2445N2,VMware-56 4d ec f1 ba 9d df f1-fc 4e 11 44 05 b7 51 1c,10.0.22000,23/2/2026 3:58:03 am,omnissans.local\philtest1,ANZ,NotAvailable,Enabled,Launching applications and files in an IFRAME,Computer Configuration/Administrative Templates/Windows Components/Internet Explorer/Internet Control Panel/Security Page/Internet Zone
056a8277-0729-4975-a1df-fe1cf363c437,DESKTOP-O2445N2,VMware-56 4d ec f1 ba 9d df f1-fc 4e 11 44 05 b7 51 1c,10.0.22000,23/2/2026 3:58:03 am,omnissans.local\philtest1,ANZ,NotAvailable,Enabled,Join Microsoft MAPS,Computer Configuration/Administrative Templates/Windows Components/Microsoft Defender Antivirus/MAPS
056a8277-0729-4975-a1df-fe1cf363c437,DESKTOP-O2445N2,VMware-56 4d ec f1 ba 9d df f1-fc 4e 11 44 05 b7 51 1c,10.0.22000,23/2/2026 3:58:03 am,omnissans.local\philtest1,ANZ,NotAvailable,Enabled,Java permissions,Computer Configuration/Administrative Templates/Windows Components/Internet Explorer/Internet Control Panel/Security Page/Trusted Sites Zone
056a8277-0729-4975-a1df-fe1cf363c437,DESKTOP-O2445N2,VMware-56 4d ec f1 ba 9d df f1-fc 4e 11 44 05 b7 51 1c,10.0.22000,23/2/2026 3:58:03 am,omnissans.local\philtest1,ANZ,NotAvailable,Enabled,Java permissions,Computer Configuration/Administrative Templates/Windows Components/Internet Explorer/Internet Control Panel/Security Page/Restricted Sites Zone
056a8277-0729-4975-a1df-fe1cf363c437,DESKTOP-O2445N2,VMware-56 4d ec f1 ba 9d df f1-fc 4e 11 44 05 b7 51 1c,10.0.22000,23/2/2026 3:58:03 am,omnissans.local\philtest1,ANZ,NotAvailable,Enabled,Java permissions,Computer Configuration/Administrative Templates/Windows Components/Internet Explorer/Internet Control Panel/Security Page/Locked-Down Trusted Sites Zone
056a8277-0729-4975-a1df-fe1cf363c437,DESKTOP-O2445N2,VMware-56 4d ec f1 ba 9d df f1-fc 4e 11 44 05 b7 51 1c,10.0.22000,23/2/2026 3:58:03 am,omnissans.local\philtest1,ANZ,NotAvailable,Enabled,Java permissions,Computer Configuration/Administrative Templates/Windows Components/Internet Explorer/Internet Control Panel/Security Page/Locked-Down Restricted Sites Zone
056a8277-0729-4975-a1df-fe1cf363c437,DESKTOP-O2445N2,VMware-56 4d ec f1 ba 9d df f1-fc 4e 11 44 05 b7 51 1c,10.0.22000,23/2/2026 3:58:03 am,omnissans.local\philtest1,ANZ,NotAvailable,Enabled,Java permissions,Computer Configuration/Administrative Templates/Windows Components/Internet Explorer/Internet Control Panel/Security Page/Locked-Down Local Machine Zone
056a8277-0729-4975-a1df-fe1cf363c437,DESKTOP-O2445N2,VMware-56 4d ec f1 ba 9d df f1-fc 4e 11 44 05 b7 51 1c,10.0.22000,23/2/2026 3:58:03 am,omnissans.local\philtest1,ANZ,NotAvailable,Enabled,Java permissions,Computer Configuration/Administrative Templates/Windows Components/Internet Explorer/Internet Control Panel/Security Page/Locked-Down Intranet Zone
056a8277-0729-4975-a1df-fe1cf363c437,DESKTOP-O2445N2,VMware-56 4d ec f1 ba 9d df f1-fc 4e 11 44 05 b7 51 1c,10.0.22000,23/2/2026 3:58:03 am,omnissans.local\philtest1,ANZ,NotAvailable,Enabled,Java permissions,Computer Configuration/Administrative Templates/Windows Components/Internet Explorer/Internet Control Panel/Security Page/Local Machine Zone
056a8277-0729-4975-a1df-fe1cf363c437,DESKTOP-O2445N2,VMware-56 4d ec f1 ba 9d df f1-fc 4e 11 44 05 b7 51 1c,10.0.22000,23/2/2026 3:58:03 am,omnissans.local\philtest1,ANZ,NotAvailable,Enabled,Java permissions,Computer Configuration/Administrative Templates/Windows Components/Internet Explorer/Internet Control Panel/Security Page/Intranet Zone
056a8277-0729-4975-a1df-fe1cf363c437,DESKTOP-O2445N2,VMware-56 4d ec f1 ba 9d df f1-fc 4e 11 44 05 b7 51 1c,10.0.22000,23/2/2026 3:58:03 am,omnissans.local\philtest1,ANZ,NotAvailable,Enabled,Java permissions,Computer Configuration/Administrative Templates/Windows Components/Internet Explorer/Internet Control Panel/Security Page/Internet Zone
056a8277-0729-4975-a1df-fe1cf363c437,DESKTOP-O2445N2,VMware-56 4d ec f1 ba 9d df f1-fc 4e 11 44 05 b7 51 1c,10.0.22000,23/2/2026 3:58:03 am,omnissans.local\philtest1,ANZ,NotAvailable,Disabled,Intranet Sites: Include all network paths (UNCs),Computer Configuration/Administrative Templates/Windows Components/Internet Explorer/Internet Control Panel/Security Page
056a8277-0729-4975-a1df-fe1cf363c437,DESKTOP-O2445N2,VMware-56 4d ec f1 ba 9d df f1-fc 4e 11 44 05 b7 51 1c,10.0.22000,23/2/2026 3:58:03 am,omnissans.local\philtest1,ANZ,NotAvailable,Enabled,Internet Explorer Processes,Computer Configuration/Administrative Templates/Windows Components/Internet Explorer/Security Features/Scripted Window Security Restrictions
056a8277-0729-4975-a1df-fe1cf363c437,DESKTOP-O2445N2,VMware-56 4d ec f1 ba 9d df f1-fc 4e 11 44 05 b7 51 1c,10.0.22000,23/2/2026 3:58:03 am,omnissans.local\philtest1,ANZ,NotAvailable,Enabled,Internet Explorer Processes,Computer Configuration/Administrative Templates/Windows Components/Internet Explorer/Security Features/Restrict File Download
056a8277-0729-4975-a1df-fe1cf363c437,DESKTOP-O2445N2,VMware-56 4d ec f1 ba 9d df f1-fc 4e 11 44 05 b7 51 1c,10.0.22000,23/2/2026 3:58:03 am,omnissans.local\philtest1,ANZ,NotAvailable,Enabled,Logon options,Computer Configuration/Administrative Templates/Windows Components/Internet Explorer/Internet Control Panel/Security Page/Restricted Sites Zone
056a8277-0729-4975-a1df-fe1cf363c437,DESKTOP-O2445N2,VMware-56 4d ec f1 ba 9d df f1-fc 4e 11 44 05 b7 51 1c,10.0.22000,23/2/2026 3:58:03 am,omnissans.local\philtest1,ANZ,NotAvailable,Enabled,Prevent users and apps from accessing dangerous websites,Computer Configuration/Administrative Templates/Windows Components/Microsoft Defender Antivirus/Microsoft Defender Exploit Guard/Network Protection
056a8277-0729-4975-a1df-fe1cf363c437,DESKTOP-O2445N2,VMware-56 4d ec f1 ba 9d df f1-fc 4e 11 44 05 b7 51 1c,10.0.22000,23/2/2026 3:58:03 am,omnissans.local\philtest1,ANZ,NotAvailable,Enabled,Profile single process,Computer Configuration/Windows Settings/Security Settings/Local Policies/User Rights Assignment
056a8277-0729-4975-a1df-fe1cf363c437,DESKTOP-O2445N2,VMware-56 4d ec f1 ba 9d df f1-fc 4e 11 44 05 b7 51 1c,10.0.22000,23/2/2026 3:58:03 am,omnissans.local\philtest1,ANZ,NotAvailable,Enabled,Prohibit connection to non-domain networks when connected to domain authenticated network,Computer Configuration/Administrative Templates/Network/Windows Connection Manager
056a8277-0729-4975-a1df-fe1cf363c437,DESKTOP-O2445N2,VMware-56 4d ec f1 ba 9d df f1-fc 4e 11 44 05 b7 51 1c,10.0.22000,23/2/2026 3:58:03 am,omnissans.local\philtest1,ANZ,NotAvailable,Enabled,Turn on SmartScreen Filter scan,Computer Configuration/Administrative Templates/Windows Components/Internet Explorer/Internet Control Panel/Security Page/Internet Zone
056a8277-0729-4975-a1df-fe1cf363c437,DESKTOP-O2445N2,VMware-56 4d ec f1 ba 9d df f1-fc 4e 11 44 05 b7 51 1c,10.0.22000,23/2/2026 3:58:03 am,omnissans.local\philtest1,ANZ,NotAvailable,Enabled,Turn on script scanning,Computer Configuration/Administrative Templates/Windows Components/Microsoft Defender Antivirus/Real-time Protection
056a8277-0729-4975-a1df-fe1cf363c437,DESKTOP-O2445N2,VMware-56 4d ec f1 ba 9d df f1-fc 4e 11 44 05 b7 51 1c,10.0.22000,23/2/2026 3:58:03 am,omnissans.local\philtest1,ANZ,NotAvailable,Enabled,Turn on Protected Mode,Computer Configuration/Administrative Templates/Windows Components/Internet Explorer/Internet Control Panel/Security Page/Restricted Sites Zone
056a8277-0729-4975-a1df-fe1cf363c437,DESKTOP-O2445N2,VMware-56 4d ec f1 ba 9d df f1-fc 4e 11 44 05 b7 51 1c,10.0.22000,23/2/2026 3:58:03 am,omnissans.local\philtest1,ANZ,NotAvailable,Enabled,Turn on Protected Mode,Computer Configuration/Administrative Templates/Windows Components/Internet Explorer/Internet Control Panel/Security Page/Internet Zone
056a8277-0729-4975-a1df-fe1cf363c437,DESKTOP-O2445N2,VMware-56 4d ec f1 ba 9d df f1-fc 4e 11 44 05 b7 51 1c,10.0.22000,23/2/2026 3:58:03 am,omnissans.local\philtest1,ANZ,NotAvailable,Enabled,Turn on process scanning whenever real-time protection is enabled,Computer Configuration/Administrative Templates/Windows Components/Microsoft Defender Antivirus/Real-time Protection
056a8277-0729-4975-a1df-fe1cf363c437,DESKTOP-O2445N2,VMware-56 4d ec f1 ba 9d df f1-fc 4e 11 44 05 b7 51 1c,10.0.22000,23/2/2026 3:58:03 am,omnissans.local\philtest1,ANZ,NotAvailable,Enabled,Turn on PowerShell Script Block Logging,Computer Configuration/Administrative Templates/Windows Components/Windows PowerShell
056a8277-0729-4975-a1df-fe1cf363c437,DESKTOP-O2445N2,VMware-56 4d ec f1 ba 9d df f1-fc 4e 11 44 05 b7 51 1c,10.0.22000,23/2/2026 3:58:03 am,omnissans.local\philtest1,ANZ,NotAvailable,Enabled,Turn on Enhanced Protected Mode,Computer Configuration/Administrative Templates/Windows Components/Internet Explorer/Internet Control Panel/Advanced Page
056a8277-0729-4975-a1df-fe1cf363c437,DESKTOP-O2445N2,VMware-56 4d ec f1 ba 9d df f1-fc 4e 11 44 05 b7 51 1c,10.0.22000,23/2/2026 3:58:03 am,omnissans.local\philtest1,ANZ,NotAvailable,Enabled,Turn on Cross-Site Scripting Filter,Computer Configuration/Administrative Templates/Windows Components/Internet Explorer/Internet Control Panel/Security Page/Restricted Sites Zone
056a8277-0729-4975-a1df-fe1cf363c437,DESKTOP-O2445N2,VMware-56 4d ec f1 ba 9d df f1-fc 4e 11 44 05 b7 51 1c,10.0.22000,23/2/2026 3:58:03 am,omnissans.local\philtest1,ANZ,NotAvailable,Enabled,Turn on SmartScreen Filter scan,Computer Configuration/Administrative Templates/Windows Components/Internet Explorer/Internet Control Panel/Security Page/Locked-Down Internet Zone
056a8277-0729-4975-a1df-fe1cf363c437,DESKTOP-O2445N2,VMware-56 4d ec f1 ba 9d df f1-fc 4e 11 44 05 b7 51 1c,10.0.22000,23/2/2026 3:58:03 am,omnissans.local\philtest1,ANZ,NotAvailable,Enabled,Turn on Cross-Site Scripting Filter,Computer Configuration/Administrative Templates/Windows Components/Internet Explorer/Internet Control Panel/Security Page/Internet Zone
056a8277-0729-4975-a1df-fe1cf363c437,DESKTOP-O2445N2,VMware-56 4d ec f1 ba 9d df f1-fc 4e 11 44 05 b7 51 1c,10.0.22000,23/2/2026 3:58:03 am,omnissans.local\philtest1,ANZ,NotAvailable,Enabled,Turn on certificate address mismatch warning,Computer Configuration/Administrative Templates/Windows Components/Internet Explorer/Internet Control Panel/Security Page
056a8277-0729-4975-a1df-fe1cf363c437,DESKTOP-O2445N2,VMware-56 4d ec f1 ba 9d df f1-fc 4e 11 44 05 b7 51 1c,10.0.22000,23/2/2026 3:58:03 am,omnissans.local\philtest1,ANZ,NotAvailable,Enabled,Turn on behavior monitoring,Computer Configuration/Administrative Templates/Windows Components/Microsoft Defender Antivirus/Real-time Protection
056a8277-0729-4975-a1df-fe1cf363c437,DESKTOP-O2445N2,VMware-56 4d ec f1 ba 9d df f1-fc 4e 11 44 05 b7 51 1c,10.0.22000,23/2/2026 3:58:03 am,omnissans.local\philtest1,ANZ,NotAvailable,Enabled,Turn on 64-bit tab processes when running in Enhanced Protected Mode on 64-bit versions of Windows,Computer Configuration/Administrative Templates/Windows Components/Internet Explorer/Internet Control Panel/Advanced Page
056a8277-0729-4975-a1df-fe1cf363c437,DESKTOP-O2445N2,VMware-56 4d ec f1 ba 9d df f1-fc 4e 11 44 05 b7 51 1c,10.0.22000,23/2/2026 3:58:03 am,omnissans.local\philtest1,ANZ,NotAvailable,Enabled,Turn off toast notifications on the lock screen,User Configuration/Administrative Templates/Start Menu and Taskbar/Notifications
056a8277-0729-4975-a1df-fe1cf363c437,DESKTOP-O2445N2,VMware-56 4d ec f1 ba 9d df f1-fc 4e 11 44 05 b7 51 1c,10.0.22000,23/2/2026 3:58:03 am,omnissans.local\philtest1,ANZ,NotAvailable,Disabled,Turn off the Security Settings Check feature,Computer Configuration/Administrative Templates/Windows Components/Internet Explorer
056a8277-0729-4975-a1df-fe1cf363c437,DESKTOP-O2445N2,VMware-56 4d ec f1 ba 9d df f1-fc 4e 11 44 05 b7 51 1c,10.0.22000,23/2/2026 3:58:03 am,omnissans.local\philtest1,ANZ,NotAvailable,Disabled,Turn off routine remediation,Computer Configuration/Administrative Templates/Windows Components/Microsoft Defender Antivirus
056a8277-0729-4975-a1df-fe1cf363c437,DESKTOP-O2445N2,VMware-56 4d ec f1 ba 9d df f1-fc 4e 11 44 05 b7 51 1c,10.0.22000,23/2/2026 3:58:03 am,omnissans.local\philtest1,ANZ,NotAvailable,Disabled,Turn off real-time protection,Computer Configuration/Administrative Templates/Windows Components/Microsoft Defender Antivirus/Real-time Protection
056a8277-0729-4975-a1df-fe1cf363c437,DESKTOP-O2445N2,VMware-56 4d ec f1 ba 9d df f1-fc 4e 11 44 05 b7 51 1c,10.0.22000,23/2/2026 3:58:03 am,omnissans.local\philtest1,ANZ,NotAvailable,Enabled,Turn off multicast name resolution,Computer Configuration/Administrative Templates/Network/DNS Client
056a8277-0729-4975-a1df-fe1cf363c437,DESKTOP-O2445N2,VMware-56 4d ec f1 ba 9d df f1-fc 4e 11 44 05 b7 51 1c,10.0.22000,23/2/2026 3:58:03 am,omnissans.local\philtest1,ANZ,NotAvailable,Disabled,Turn on convenience PIN sign-in,Computer Configuration/Administrative Templates/System/Logon
056a8277-0729-4975-a1df-fe1cf363c437,DESKTOP-O2445N2,VMware-56 4d ec f1 ba 9d df f1-fc 4e 11 44 05 b7 51 1c,10.0.22000,23/2/2026 3:58:03 am,omnissans.local\philtest1,ANZ,NotAvailable,Enabled,Turn on SmartScreen Filter scan,Computer Configuration/Administrative Templates/Windows Components/Internet Explorer/Internet Control Panel/Security Page/Locked-Down Restricted Sites Zone
056a8277-0729-4975-a1df-fe1cf363c437,DESKTOP-O2445N2,VMware-56 4d ec f1 ba 9d df f1-fc 4e 11 44 05 b7 51 1c,10.0.22000,23/2/2026 3:58:03 am,omnissans.local\philtest1,ANZ,NotAvailable,Enabled,Turn on SmartScreen Filter scan,Computer Configuration/Administrative Templates/Windows Components/Internet Explorer/Internet Control Panel/Security Page/Restricted Sites Zone
056a8277-0729-4975-a1df-fe1cf363c437,DESKTOP-O2445N2,VMware-56 4d ec f1 ba 9d df f1-fc 4e 11 44 05 b7 51 1c,10.0.22000,23/2/2026 3:58:03 am,omnissans.local\philtest1,ANZ,NotAvailable,Disabled,Turn on the auto-complete feature for user names and passwords on forms,User Configuration/Administrative Templates/Windows Components/Internet Explorer
056a8277-0729-4975-a1df-fe1cf363c437,DESKTOP-O2445N2,VMware-56 4d ec f1 ba 9d df f1-fc 4e 11 44 05 b7 51 1c,10.0.22000,23/2/2026 3:58:03 am,omnissans.local\philtest1,ANZ,NotAvailable,Enabled,Xbox Live Auth Manager (XblAuthManager),Computer Configuration/Windows Settings/Security Settings/System Services
056a8277-0729-4975-a1df-fe1cf363c437,DESKTOP-O2445N2,VMware-56 4d ec f1 ba 9d df f1-fc 4e 11 44 05 b7 51 1c,10.0.22000,23/2/2026 3:58:03 am,omnissans.local\philtest1,ANZ,NotAvailable,Enabled,Xbox Accessory Management Service (XboxGipSvc),Computer Configuration/Windows Settings/Security Settings/System Services
056a8277-0729-4975-a1df-fe1cf363c437,DESKTOP-O2445N2,VMware-56 4d ec f1 ba 9d df f1-fc 4e 11 44 05 b7 51 1c,10.0.22000,23/2/2026 3:58:03 am,omnissans.local\philtest1,ANZ,NotAvailable,Enabled,Windows Defender Firewall with Advanced Security - Local Group Policy Object,Computer Configuration/Windows Settings/Security Settings/Windows Defender Firewall with Advanced Security
056a8277-0729-4975-a1df-fe1cf363c437,DESKTOP-O2445N2,VMware-56 4d ec f1 ba 9d df f1-fc 4e 11 44 05 b7 51 1c,10.0.22000,23/2/2026 3:58:03 am,omnissans.local\philtest1,ANZ,NotAvailable,Enabled,Web sites in less privileged Web content zones can navigate into this zone,Computer Configuration/Administrative Templates/Windows Components/Internet Explorer/Internet Control Panel/Security Page/Restricted Sites Zone
056a8277-0729-4975-a1df-fe1cf363c437,DESKTOP-O2445N2,VMware-56 4d ec f1 ba 9d df f1-fc 4e 11 44 05 b7 51 1c,10.0.22000,23/2/2026 3:58:03 am,omnissans.local\philtest1,ANZ,NotAvailable,Enabled,Web sites in less privileged Web content zones can navigate into this zone,Computer Configuration/Administrative Templates/Windows Components/Internet Explorer/Internet Control Panel/Security Page/Internet Zone
056a8277-0729-4975-a1df-fe1cf363c437,DESKTOP-O2445N2,VMware-56 4d ec f1 ba 9d df f1-fc 4e 11 44 05 b7 51 1c,10.0.22000,23/2/2026 3:58:03 am,omnissans.local\philtest1,ANZ,NotAvailable,Enabled,Userdata persistence,Computer Configuration/Administrative Templates/Windows Components/Internet Explorer/Internet Control Panel/Security Page/Restricted Sites Zone
056a8277-0729-4975-a1df-fe1cf363c437,DESKTOP-O2445N2,VMware-56 4d ec f1 ba 9d df f1-fc 4e 11 44 05 b7 51 1c,10.0.22000,23/2/2026 3:58:03 am,omnissans.local\philtest1,ANZ,NotAvailable,Enabled,Userdata persistence,Computer Configuration/Administrative Templates/Windows Components/Internet Explorer/Internet Control Panel/Security Page/Internet Zone
056a8277-0729-4975-a1df-fe1cf363c437,DESKTOP-O2445N2,VMware-56 4d ec f1 ba 9d df f1-fc 4e 11 44 05 b7 51 1c,10.0.22000,23/2/2026 3:58:03 am,omnissans.local\philtest1,ANZ,NotAvailable,Enabled,User Account Control: Virtualize file and registry write failures to per-user locations,Computer Configuration/Windows Settings/Security Settings/Local Policies/Security Options
056a8277-0729-4975-a1df-fe1cf363c437,DESKTOP-O2445N2,VMware-56 4d ec f1 ba 9d df f1-fc 4e 11 44 05 b7 51 1c,10.0.22000,23/2/2026 3:58:03 am,omnissans.local\philtest1,ANZ,NotAvailable,Enabled,User Account Control: Run all administrators in Admin Approval Mode,Computer Configuration/Windows Settings/Security Settings/Local Policies/Security Options
056a8277-0729-4975-a1df-fe1cf363c437,DESKTOP-O2445N2,VMware-56 4d ec f1 ba 9d df f1-fc 4e 11 44 05 b7 51 1c,10.0.22000,23/2/2026 3:58:03 am,omnissans.local\philtest1,ANZ,NotAvailable,Enabled,User Account Control: Only elevate UIAccess applications that are installed in secure locations,Computer Configuration/Windows Settings/Security Settings/Local Policies/Security Options
056a8277-0729-4975-a1df-fe1cf363c437,DESKTOP-O2445N2,VMware-56 4d ec f1 ba 9d df f1-fc 4e 11 44 05 b7 51 1c,10.0.22000,23/2/2026 3:58:03 am,omnissans.local\philtest1,ANZ,NotAvailable,Enabled,User Account Control: Detect application installations and prompt for elevation,Computer Configuration/Windows Settings/Security Settings/Local Policies/Security Options
056a8277-0729-4975-a1df-fe1cf363c437,DESKTOP-O2445N2,VMware-56 4d ec f1 ba 9d df f1-fc 4e 11 44 05 b7 51 1c,10.0.22000,23/2/2026 3:58:03 am,omnissans.local\philtest1,ANZ,NotAvailable,Enabled,User Account Control: Configure type of Admin Approval Mode,Computer Configuration/Windows Settings/Security Settings/Local Policies/Security Options
056a8277-0729-4975-a1df-fe1cf363c437,DESKTOP-O2445N2,VMware-56 4d ec f1 ba 9d df f1-fc 4e 11 44 05 b7 51 1c,10.0.22000,23/2/2026 3:58:03 am,omnissans.local\philtest1,ANZ,NotAvailable,Enabled,User Account Control: Behavior of the elevation prompt for standard users,Computer Configuration/Windows Settings/Security Settings/Local Policies/Security Options
056a8277-0729-4975-a1df-fe1cf363c437,DESKTOP-O2445N2,VMware-56 4d ec f1 ba 9d df f1-fc 4e 11 44 05 b7 51 1c,10.0.22000,23/2/2026 3:58:03 am,omnissans.local\philtest1,ANZ,NotAvailable,Enabled,User Account Control: Behavior of the elevation prompt for administrators running with enhanced privilege protection,Computer Configuration/Windows Settings/Security Settings/Local Policies/Security Options
056a8277-0729-4975-a1df-fe1cf363c437,DESKTOP-O2445N2,VMware-56 4d ec f1 ba 9d df f1-fc 4e 11 44 05 b7 51 1c,10.0.22000,23/2/2026 3:58:03 am,omnissans.local\philtest1,ANZ,NotAvailable,Enabled,User Account Control: Behavior of the elevation prompt for administrators in Admin Approval Mode,Computer Configuration/Windows Settings/Security Settings/Local Policies/Security Options
056a8277-0729-4975-a1df-fe1cf363c437,DESKTOP-O2445N2,VMware-56 4d ec f1 ba 9d df f1-fc 4e 11 44 05 b7 51 1c,10.0.22000,23/2/2026 3:58:03 am,omnissans.local\philtest1,ANZ,NotAvailable,Enabled,User Account Control: Admin Approval Mode for the Built-in Administrator account,Computer Configuration/Windows Settings/Security Settings/Local Policies/Security Options
056a8277-0729-4975-a1df-fe1cf363c437,DESKTOP-O2445N2,VMware-56 4d ec f1 ba 9d df f1-fc 4e 11 44 05 b7 51 1c,10.0.22000,23/2/2026 3:58:03 am,omnissans.local\philtest1,ANZ,NotAvailable,Enabled,Use Pop-up Blocker,Computer Configuration/Administrative Templates/Windows Components/Internet Explorer/Internet Control Panel/Security Page/Restricted Sites Zone
056a8277-0729-4975-a1df-fe1cf363c437,DESKTOP-O2445N2,VMware-56 4d ec f1 ba 9d df f1-fc 4e 11 44 05 b7 51 1c,10.0.22000,23/2/2026 3:58:03 am,omnissans.local\philtest1,ANZ,NotAvailable,Enabled,Use Pop-up Blocker,Computer Configuration/Administrative Templates/Windows Components/Internet Explorer/Internet Control Panel/Security Page/Internet Zone
056a8277-0729-4975-a1df-fe1cf363c437,DESKTOP-O2445N2,VMware-56 4d ec f1 ba 9d df f1-fc 4e 11 44 05 b7 51 1c,10.0.22000,23/2/2026 3:58:03 am,omnissans.local\philtest1,ANZ,NotAvailable,Enabled,Turn On Virtualization Based Security,Computer Configuration/Administrative Templates/System/Device Guard
056a8277-0729-4975-a1df-fe1cf363c437,DESKTOP-O2445N2,VMware-56 4d ec f1 ba 9d df f1-fc 4e 11 44 05 b7 51 1c,10.0.22000,23/2/2026 3:58:03 am,omnissans.local\philtest1,ANZ,NotAvailable,Enabled,Turn off Microsoft consumer experiences,Computer Configuration/Administrative Templates/Windows Components/Cloud Content
056a8277-0729-4975-a1df-fe1cf363c437,DESKTOP-O2445N2,VMware-56 4d ec f1 ba 9d df f1-fc 4e 11 44 05 b7 51 1c,10.0.22000,23/2/2026 3:58:03 am,omnissans.local\philtest1,ANZ,NotAvailable,Enabled,Turn off Internet download for Web publishing and online ordering wizards,Computer Configuration/Administrative Templates/System/Internet Communication Management/Internet Communication settings
056a8277-0729-4975-a1df-fe1cf363c437,DESKTOP-O2445N2,VMware-56 4d ec f1 ba 9d df f1-fc 4e 11 44 05 b7 51 1c,10.0.22000,23/2/2026 3:58:03 am,omnissans.local\philtest1,ANZ,NotAvailable,Enabled,Turn off encryption support,Computer Configuration/Administrative Templates/Windows Components/Internet Explorer/Internet Control Panel/Advanced Page
056a8277-0729-4975-a1df-fe1cf363c437,DESKTOP-O2445N2,VMware-56 4d ec f1 ba 9d df f1-fc 4e 11 44 05 b7 51 1c,10.0.22000,23/2/2026 3:58:03 am,omnissans.local\philtest1,ANZ,NotAvailable,Enabled,Turn off downloading of print drivers over HTTP,Computer Configuration/Administrative Templates/System/Internet Communication Management/Internet Communication settings
056a8277-0729-4975-a1df-fe1cf363c437,DESKTOP-O2445N2,VMware-56 4d ec f1 ba 9d df f1-fc 4e 11 44 05 b7 51 1c,10.0.22000,23/2/2026 3:58:03 am,omnissans.local\philtest1,ANZ,NotAvailable,Enabled,Script ActiveX controls marked safe for scripting,Computer Configuration/Administrative Templates/Windows Components/Internet Explorer/Internet Control Panel/Security Page/Restricted Sites Zone
056a8277-0729-4975-a1df-fe1cf363c437,DESKTOP-O2445N2,VMware-56 4d ec f1 ba 9d df f1-fc 4e 11 44 05 b7 51 1c,10.0.22000,23/2/2026 3:58:03 am,omnissans.local\philtest1,ANZ,NotAvailable,Enabled,Scan removable drives,Computer Configuration/Administrative Templates/Windows Components/Microsoft Defender Antivirus/Scan
056a8277-0729-4975-a1df-fe1cf363c437,DESKTOP-O2445N2,VMware-56 4d ec f1 ba 9d df f1-fc 4e 11 44 05 b7 51 1c,10.0.22000,23/2/2026 3:58:03 am,omnissans.local\philtest1,ANZ,NotAvailable,Enabled,Scan excluded files and directories during quick scans,Computer Configuration/Administrative Templates/Windows Components/Microsoft Defender Antivirus/Scan
056a8277-0729-4975-a1df-fe1cf363c437,DESKTOP-O2445N2,VMware-56 4d ec f1 ba 9d df f1-fc 4e 11 44 05 b7 51 1c,10.0.22000,23/2/2026 3:58:03 am,omnissans.local\philtest1,ANZ,NotAvailable,Enabled,Scan all downloaded files and attachments,Computer Configuration/Administrative Templates/Windows Components/Microsoft Defender Antivirus/Real-time Protection
056a8277-0729-4975-a1df-fe1cf363c437,DESKTOP-O2445N2,VMware-56 4d ec f1 ba 9d df f1-fc 4e 11 44 05 b7 51 1c,10.0.22000,23/2/2026 3:58:03 am,omnissans.local\philtest1,ANZ,NotAvailable,Enabled,Run ActiveX controls and plugins,Computer Configuration/Administrative Templates/Windows Components/Internet Explorer/Internet Control Panel/Security Page/Restricted Sites Zone
056a8277-0729-4975-a1df-fe1cf363c437,DESKTOP-O2445N2,VMware-56 4d ec f1 ba 9d df f1-fc 4e 11 44 05 b7 51 1c,10.0.22000,23/2/2026 3:58:03 am,omnissans.local\philtest1,ANZ,NotAvailable,Enabled,Run .NET Framework-reliant components signed with Authenticode,Computer Configuration/Administrative Templates/Windows Components/Internet Explorer/Internet Control Panel/Security Page/Restricted Sites Zone
056a8277-0729-4975-a1df-fe1cf363c437,DESKTOP-O2445N2,VMware-56 4d ec f1 ba 9d df f1-fc 4e 11 44 05 b7 51 1c,10.0.22000,23/2/2026 3:58:03 am,omnissans.local\philtest1,ANZ,NotAvailable,Enabled,Run .NET Framework-reliant components signed with Authenticode,Computer Configuration/Administrative Templates/Windows Components/Internet Explorer/Internet Control Panel/Security Page/Internet Zone
056a8277-0729-4975-a1df-fe1cf363c437,DESKTOP-O2445N2,VMware-56 4d ec f1 ba 9d df f1-fc 4e 11 44 05 b7 51 1c,10.0.22000,23/2/2026 3:58:03 am,omnissans.local\philtest1,ANZ,NotAvailable,Enabled,Run .NET Framework-reliant components not signed with Authenticode,Computer Configuration/Administrative Templates/Windows Components/Internet Explorer/Internet Control Panel/Security Page/Restricted Sites Zone
056a8277-0729-4975-a1df-fe1cf363c437,DESKTOP-O2445N2,VMware-56 4d ec f1 ba 9d df f1-fc 4e 11 44 05 b7 51 1c,10.0.22000,23/2/2026 3:58:03 am,omnissans.local\philtest1,ANZ,NotAvailable,Enabled,Run .NET Framework-reliant components not signed with Authenticode,Computer Configuration/Administrative Templates/Windows Components/Internet Explorer/Internet Control Panel/Security Page/Internet Zone
056a8277-0729-4975-a1df-fe1cf363c437,DESKTOP-O2445N2,VMware-56 4d ec f1 ba 9d df f1-fc 4e 11 44 05 b7 51 1c,10.0.22000,23/2/2026 3:58:03 am,omnissans.local\philtest1,ANZ,NotAvailable,Enabled,Restrict Unauthenticated RPC clients,Computer Configuration/Administrative Templates/System/Remote Procedure Call
056a8277-0729-4975-a1df-fe1cf363c437,DESKTOP-O2445N2,VMware-56 4d ec f1 ba 9d df f1-fc 4e 11 44 05 b7 51 1c,10.0.22000,23/2/2026 3:58:03 am,omnissans.local\philtest1,ANZ,NotAvailable,Enabled,Restore files and directories,Computer Configuration/Windows Settings/Security Settings/Local Policies/User Rights Assignment
056a8277-0729-4975-a1df-fe1cf363c437,DESKTOP-O2445N2,VMware-56 4d ec f1 ba 9d df f1-fc 4e 11 44 05 b7 51 1c,10.0.22000,23/2/2026 3:58:03 am,omnissans.local\philtest1,ANZ,NotAvailable,Enabled,Reset account lockout counter after,Computer Configuration/Windows Settings/Security Settings/Account Policies/Account Lockout Policy
056a8277-0729-4975-a1df-fe1cf363c437,DESKTOP-O2445N2,VMware-56 4d ec f1 ba 9d df f1-fc 4e 11 44 05 b7 51 1c,10.0.22000,23/2/2026 3:58:03 am,omnissans.local\philtest1,ANZ,NotAvailable,Enabled,Require secure RPC communication,Computer Configuration/Administrative Templates/Windows Components/Remote Desktop Services/Remote Desktop Session Host/Security
056a8277-0729-4975-a1df-fe1cf363c437,DESKTOP-O2445N2,VMware-56 4d ec f1 ba 9d df f1-fc 4e 11 44 05 b7 51 1c,10.0.22000,23/2/2026 3:58:03 am,omnissans.local\philtest1,ANZ,NotAvailable,Disabled,Require Encryption,Computer Configuration/Administrative Templates/Network/Lanman Workstation
056a8277-0729-4975-a1df-fe1cf363c437,DESKTOP-O2445N2,VMware-56 4d ec f1 ba 9d df f1-fc 4e 11 44 05 b7 51 1c,10.0.22000,23/2/2026 3:58:03 am,omnissans.local\philtest1,ANZ,NotAvailable,Enabled,Require a password when a computer wakes (plugged in),Computer Configuration/Administrative Templates/System/Power Management/Sleep Settings
056a8277-0729-4975-a1df-fe1cf363c437,DESKTOP-O2445N2,VMware-56 4d ec f1 ba 9d df f1-fc 4e 11 44 05 b7 51 1c,10.0.22000,23/2/2026 3:58:03 am,omnissans.local\philtest1,ANZ,NotAvailable,Enabled,Require a password when a computer wakes (on battery),Computer Configuration/Administrative Templates/System/Power Management/Sleep Settings
056a8277-0729-4975-a1df-fe1cf363c437,DESKTOP-O2445N2,VMware-56 4d ec f1 ba 9d df f1-fc 4e 11 44 05 b7 51 1c,10.0.22000,23/2/2026 3:58:03 am,omnissans.local\philtest1,ANZ,NotAvailable,Enabled,"Remove ""Run this time"" button for outdated ActiveX controls in Internet Explorer ",Computer Configuration/Administrative Templates/Windows Components/Internet Explorer/Security Features/Add-on Management
056a8277-0729-4975-a1df-fe1cf363c437,DESKTOP-O2445N2,VMware-56 4d ec f1 ba 9d df f1-fc 4e 11 44 05 b7 51 1c,10.0.22000,23/2/2026 3:58:03 am,omnissans.local\philtest1,ANZ,NotAvailable,Enabled,Remote host allows delegation of non-exportable credentials,Computer Configuration/Administrative Templates/System/Credentials Delegation
056a8277-0729-4975-a1df-fe1cf363c437,DESKTOP-O2445N2,VMware-56 4d ec f1 ba 9d df f1-fc 4e 11 44 05 b7 51 1c,10.0.22000,23/2/2026 3:58:03 am,omnissans.local\philtest1,ANZ,NotAvailable,Enabled,Prohibit use of Internet Connection Sharing on your DNS domain network,Computer Configuration/Administrative Templates/Network/Network Connections
056a8277-0729-4975-a1df-fe1cf363c437,DESKTOP-O2445N2,VMware-56 4d ec f1 ba 9d df f1-fc 4e 11 44 05 b7 51 1c,10.0.22000,23/2/2026 3:58:03 am,omnissans.local\philtest1,ANZ,NotAvailable,Enabled,Scripting of Java applets,Computer Configuration/Administrative Templates/Windows Components/Internet Explorer/Internet Control Panel/Security Page/Restricted Sites Zone
056a8277-0729-4975-a1df-fe1cf363c437,DESKTOP-O2445N2,VMware-56 4d ec f1 ba 9d df f1-fc 4e 11 44 05 b7 51 1c,10.0.22000,23/2/2026 3:58:03 am,omnissans.local\philtest1,ANZ,NotAvailable,Enabled,Encryption Oracle Remediation,Computer Configuration/Administrative Templates/System/Credentials Delegation
056a8277-0729-4975-a1df-fe1cf363c437,DESKTOP-O2445N2,VMware-56 4d ec f1 ba 9d df f1-fc 4e 11 44 05 b7 51 1c,10.0.22000,23/2/2026 3:58:03 am,omnissans.local\philtest1,ANZ,NotAvailable,Enabled,Security Zones: Do not allow users to add/delete sites,Computer Configuration/Administrative Templates/Windows Components/Internet Explorer
056a8277-0729-4975-a1df-fe1cf363c437,DESKTOP-O2445N2,VMware-56 4d ec f1 ba 9d df f1-fc 4e 11 44 05 b7 51 1c,10.0.22000,23/2/2026 3:58:03 am,omnissans.local\philtest1,ANZ,NotAvailable,Enabled,Security Zones: Use only machine settings ,Computer Configuration/Administrative Templates/Windows Components/Internet Explorer
056a8277-0729-4975-a1df-fe1cf363c437,DESKTOP-O2445N2,VMware-56 4d ec f1 ba 9d df f1-fc 4e 11 44 05 b7 51 1c,10.0.22000,23/2/2026 3:58:03 am,omnissans.local\philtest1,ANZ,NotAvailable,Enabled,Turn off Crash Detection,Computer Configuration/Administrative Templates/Windows Components/Internet Explorer
056a8277-0729-4975-a1df-fe1cf363c437,DESKTOP-O2445N2,VMware-56 4d ec f1 ba 9d df f1-fc 4e 11 44 05 b7 51 1c,10.0.22000,23/2/2026 3:58:03 am,omnissans.local\philtest1,ANZ,NotAvailable,Disabled,Turn off blocking of outdated ActiveX controls for Internet Explorer,Computer Configuration/Administrative Templates/Windows Components/Internet Explorer/Security Features/Add-on Management
056a8277-0729-4975-a1df-fe1cf363c437,DESKTOP-O2445N2,VMware-56 4d ec f1 ba 9d df f1-fc 4e 11 44 05 b7 51 1c,10.0.22000,23/2/2026 3:58:03 am,omnissans.local\philtest1,ANZ,NotAvailable,Enabled,Turn off Autoplay,Computer Configuration/Administrative Templates/Windows Components/AutoPlay Policies
056a8277-0729-4975-a1df-fe1cf363c437,DESKTOP-O2445N2,VMware-56 4d ec f1 ba 9d df f1-fc 4e 11 44 05 b7 51 1c,10.0.22000,23/2/2026 3:58:03 am,omnissans.local\philtest1,ANZ,NotAvailable,Enabled,Take ownership of files or other objects,Computer Configuration/Windows Settings/Security Settings/Local Policies/User Rights Assignment
056a8277-0729-4975-a1df-fe1cf363c437,DESKTOP-O2445N2,VMware-56 4d ec f1 ba 9d df f1-fc 4e 11 44 05 b7 51 1c,10.0.22000,23/2/2026 3:58:03 am,omnissans.local\philtest1,ANZ,NotAvailable,Enabled,System objects: Strengthen default permissions of internal system objects (e.g. Symbolic Links),Computer Configuration/Windows Settings/Security Settings/Local Policies/Security Options
056a8277-0729-4975-a1df-fe1cf363c437,DESKTOP-O2445N2,VMware-56 4d ec f1 ba 9d df f1-fc 4e 11 44 05 b7 51 1c,10.0.22000,23/2/2026 3:58:03 am,omnissans.local\philtest1,ANZ,NotAvailable,Disabled,Store passwords using reversible encryption,Computer Configuration/Windows Settings/Security Settings/Account Policies/Password Policy
056a8277-0729-4975-a1df-fe1cf363c437,DESKTOP-O2445N2,VMware-56 4d ec f1 ba 9d df f1-fc 4e 11 44 05 b7 51 1c,10.0.22000,23/2/2026 3:58:03 am,omnissans.local\philtest1,ANZ,NotAvailable,Enabled,Specify use of ActiveX Installer Service for installation of ActiveX controls,Computer Configuration/Administrative Templates/Windows Components/Internet Explorer
056a8277-0729-4975-a1df-fe1cf363c437,DESKTOP-O2445N2,VMware-56 4d ec f1 ba 9d df f1-fc 4e 11 44 05 b7 51 1c,10.0.22000,23/2/2026 3:58:03 am,omnissans.local\philtest1,ANZ,NotAvailable,Enabled,Specify the maximum log file size (KB),Computer Configuration/Administrative Templates/Windows Components/Event Log Service/System
056a8277-0729-4975-a1df-fe1cf363c437,DESKTOP-O2445N2,VMware-56 4d ec f1 ba 9d df f1-fc 4e 11 44 05 b7 51 1c,10.0.22000,23/2/2026 3:58:03 am,omnissans.local\philtest1,ANZ,NotAvailable,Enabled,Specify the maximum log file size (KB),Computer Configuration/Administrative Templates/Windows Components/Event Log Service/Security
056a8277-0729-4975-a1df-fe1cf363c437,DESKTOP-O2445N2,VMware-56 4d ec f1 ba 9d df f1-fc 4e 11 44 05 b7 51 1c,10.0.22000,23/2/2026 3:58:03 am,omnissans.local\philtest1,ANZ,NotAvailable,Enabled,Specify the maximum log file size (KB),Computer Configuration/Administrative Templates/Windows Components/Event Log Service/Application
056a8277-0729-4975-a1df-fe1cf363c437,DESKTOP-O2445N2,VMware-56 4d ec f1 ba 9d df f1-fc 4e 11 44 05 b7 51 1c,10.0.22000,23/2/2026 3:58:03 am,omnissans.local\philtest1,ANZ,NotAvailable,Disabled,Sign-in and lock last interactive user automatically after a restart,Computer Configuration/Administrative Templates/Windows Components/Windows Logon Options
056a8277-0729-4975-a1df-fe1cf363c437,DESKTOP-O2445N2,VMware-56 4d ec f1 ba 9d df f1-fc 4e 11 44 05 b7 51 1c,10.0.22000,23/2/2026 3:58:03 am,omnissans.local\philtest1,ANZ,NotAvailable,Enabled,Show security warning for potentially unsafe files,Computer Configuration/Administrative Templates/Windows Components/Internet Explorer/Internet Control Panel/Security Page/Restricted Sites Zone
056a8277-0729-4975-a1df-fe1cf363c437,DESKTOP-O2445N2,VMware-56 4d ec f1 ba 9d df f1-fc 4e 11 44 05 b7 51 1c,10.0.22000,23/2/2026 3:58:03 am,omnissans.local\philtest1,ANZ,NotAvailable,Enabled,Show security warning for potentially unsafe files,Computer Configuration/Administrative Templates/Windows Components/Internet Explorer/Internet Control Panel/Security Page/Internet Zone
056a8277-0729-4975-a1df-fe1cf363c437,DESKTOP-O2445N2,VMware-56 4d ec f1 ba 9d df f1-fc 4e 11 44 05 b7 51 1c,10.0.22000,23/2/2026 3:58:03 am,omnissans.local\philtest1,ANZ,NotAvailable,Enabled,Set the default behavior for AutoRun,Computer Configuration/Administrative Templates/Windows Components/AutoPlay Policies
056a8277-0729-4975-a1df-fe1cf363c437,DESKTOP-O2445N2,VMware-56 4d ec f1 ba 9d df f1-fc 4e 11 44 05 b7 51 1c,10.0.22000,23/2/2026 3:58:03 am,omnissans.local\philtest1,ANZ,NotAvailable,Enabled,Set client connection encryption level,Computer Configuration/Administrative Templates/Windows Components/Remote Desktop Services/Remote Desktop Session Host/Security
056a8277-0729-4975-a1df-fe1cf363c437,DESKTOP-O2445N2,VMware-56 4d ec f1 ba 9d df f1-fc 4e 11 44 05 b7 51 1c,10.0.22000,23/2/2026 3:58:03 am,omnissans.local\philtest1,ANZ,NotAvailable,Enabled,Set authentication rate limiter delay (milliseconds),Computer Configuration/Administrative Templates/Network/Lanman Server
056a8277-0729-4975-a1df-fe1cf363c437,DESKTOP-O2445N2,VMware-56 4d ec f1 ba 9d df f1-fc 4e 11 44 05 b7 51 1c,10.0.22000,23/2/2026 3:58:03 am,omnissans.local\philtest1,ANZ,NotAvailable,Enabled,Service Enabled,Computer Configuration/Administrative Templates/Windows Components/Windows Defender SmartScreen/Enhanced Phishing Protection
056a8277-0729-4975-a1df-fe1cf363c437,DESKTOP-O2445N2,VMware-56 4d ec f1 ba 9d df f1-fc 4e 11 44 05 b7 51 1c,10.0.22000,23/2/2026 3:58:03 am,omnissans.local\philtest1,ANZ,NotAvailable,Enabled,Send file samples when further analysis is required,Computer Configuration/Administrative Templates/Windows Components/Microsoft Defender Antivirus/MAPS
056a8277-0729-4975-a1df-fe1cf363c437,DESKTOP-O2445N2,VMware-56 4d ec f1 ba 9d df f1-fc 4e 11 44 05 b7 51 1c,10.0.22000,23/2/2026 3:58:03 am,omnissans.local\philtest1,ANZ,NotAvailable,Enabled,Select cloud protection level,Computer Configuration/Administrative Templates/Windows Components/Microsoft Defender Antivirus/MpEngine
056a8277-0729-4975-a1df-fe1cf363c437,DESKTOP-O2445N2,VMware-56 4d ec f1 ba 9d df f1-fc 4e 11 44 05 b7 51 1c,10.0.22000,23/2/2026 3:58:03 am,omnissans.local\philtest1,ANZ,NotAvailable,Enabled,Security Zones: Do not allow users to change policies,Computer Configuration/Administrative Templates/Windows Components/Internet Explorer
056a8277-0729-4975-a1df-fe1cf363c437,DESKTOP-O2445N2,VMware-56 4d ec f1 ba 9d df f1-fc 4e 11 44 05 b7 51 1c,10.0.22000,23/2/2026 3:58:03 am,omnissans.local\philtest1,ANZ,NotAvailable,Enabled,Xbox Live Game Save (XblGameSave),Computer Configuration/Windows Settings/Security Settings/System Services
056a8277-0729-4975-a1df-fe1cf363c437,DESKTOP-O2445N2,VMware-56 4d ec f1 ba 9d df f1-fc 4e 11 44 05 b7 51 1c,10.0.22000,23/2/2026 3:58:03 am,omnissans.local\philtest1,ANZ,NotAvailable,Disabled,Enables or disables Windows Game Recording and Broadcasting,Computer Configuration/Administrative Templates/Windows Components/Windows Game Recording and Broadcasting
056a8277-0729-4975-a1df-fe1cf363c437,DESKTOP-O2445N2,VMware-56 4d ec f1 ba 9d df f1-fc 4e 11 44 05 b7 51 1c,10.0.22000,23/2/2026 3:58:03 am,omnissans.local\philtest1,ANZ,NotAvailable,Disabled,Enable remote mailslots,Computer Configuration/Administrative Templates/Network/Lanman Workstation
056a8277-0729-4975-a1df-fe1cf363c437,DESKTOP-O2445N2,VMware-56 4d ec f1 ba 9d df f1-fc 4e 11 44 05 b7 51 1c,10.0.22000,23/2/2026 3:58:03 am,omnissans.local\philtest1,ANZ,NotAvailable,Enabled,Allow VBScript to run in Internet Explorer,Computer Configuration/Administrative Templates/Windows Components/Internet Explorer/Internet Control Panel/Security Page/Internet Zone
056a8277-0729-4975-a1df-fe1cf363c437,DESKTOP-O2445N2,VMware-56 4d ec f1 ba 9d df f1-fc 4e 11 44 05 b7 51 1c,10.0.22000,23/2/2026 3:58:03 am,omnissans.local\philtest1,ANZ,NotAvailable,Disabled,Allow user control over installs,Computer Configuration/Administrative Templates/Windows Components/Windows Installer
056a8277-0729-4975-a1df-fe1cf363c437,DESKTOP-O2445N2,VMware-56 4d ec f1 ba 9d df f1-fc 4e 11 44 05 b7 51 1c,10.0.22000,23/2/2026 3:58:03 am,omnissans.local\philtest1,ANZ,NotAvailable,Enabled,Allow updates to status bar via script,Computer Configuration/Administrative Templates/Windows Components/Internet Explorer/Internet Control Panel/Security Page/Restricted Sites Zone
056a8277-0729-4975-a1df-fe1cf363c437,DESKTOP-O2445N2,VMware-56 4d ec f1 ba 9d df f1-fc 4e 11 44 05 b7 51 1c,10.0.22000,23/2/2026 3:58:03 am,omnissans.local\philtest1,ANZ,NotAvailable,Enabled,Allow updates to status bar via script,Computer Configuration/Administrative Templates/Windows Components/Internet Explorer/Internet Control Panel/Security Page/Internet Zone
056a8277-0729-4975-a1df-fe1cf363c437,DESKTOP-O2445N2,VMware-56 4d ec f1 ba 9d df f1-fc 4e 11 44 05 b7 51 1c,10.0.22000,23/2/2026 3:58:03 am,omnissans.local\philtest1,ANZ,NotAvailable,Disabled,Allow unencrypted traffic,Computer Configuration/Administrative Templates/Windows Components/Windows Remote Management (WinRM)/WinRM Service
056a8277-0729-4975-a1df-fe1cf363c437,DESKTOP-O2445N2,VMware-56 4d ec f1 ba 9d df f1-fc 4e 11 44 05 b7 51 1c,10.0.22000,23/2/2026 3:58:03 am,omnissans.local\philtest1,ANZ,NotAvailable,Disabled,Allow unencrypted traffic,Computer Configuration/Administrative Templates/Windows Components/Windows Remote Management (WinRM)/WinRM Client
056a8277-0729-4975-a1df-fe1cf363c437,DESKTOP-O2445N2,VMware-56 4d ec f1 ba 9d df f1-fc 4e 11 44 05 b7 51 1c,10.0.22000,23/2/2026 3:58:03 am,omnissans.local\philtest1,ANZ,NotAvailable,Disabled,Allow standby states (S1-S3) when sleeping (plugged in),Computer Configuration/Administrative Templates/System/Power Management/Sleep Settings
056a8277-0729-4975-a1df-fe1cf363c437,DESKTOP-O2445N2,VMware-56 4d ec f1 ba 9d df f1-fc 4e 11 44 05 b7 51 1c,10.0.22000,23/2/2026 3:58:03 am,omnissans.local\philtest1,ANZ,NotAvailable,Disabled,Allow standby states (S1-S3) when sleeping (on battery),Computer Configuration/Administrative Templates/System/Power Management/Sleep Settings
056a8277-0729-4975-a1df-fe1cf363c437,DESKTOP-O2445N2,VMware-56 4d ec f1 ba 9d df f1-fc 4e 11 44 05 b7 51 1c,10.0.22000,23/2/2026 3:58:03 am,omnissans.local\philtest1,ANZ,NotAvailable,Enabled,Allow VBScript to run in Internet Explorer,Computer Configuration/Administrative Templates/Windows Components/Internet Explorer/Internet Control Panel/Security Page/Restricted Sites Zone
056a8277-0729-4975-a1df-fe1cf363c437,DESKTOP-O2445N2,VMware-56 4d ec f1 ba 9d df f1-fc 4e 11 44 05 b7 51 1c,10.0.22000,23/2/2026 3:58:03 am,omnissans.local\philtest1,ANZ,NotAvailable,Disabled,Allow software to run or install even if the signature is invalid,Computer Configuration/Administrative Templates/Windows Components/Internet Explorer/Internet Control Panel/Advanced Page
056a8277-0729-4975-a1df-fe1cf363c437,DESKTOP-O2445N2,VMware-56 4d ec f1 ba 9d df f1-fc 4e 11 44 05 b7 51 1c,10.0.22000,23/2/2026 3:58:03 am,omnissans.local\philtest1,ANZ,NotAvailable,Enabled,Allow scriptlets,Computer Configuration/Administrative Templates/Windows Components/Internet Explorer/Internet Control Panel/Security Page/Internet Zone
056a8277-0729-4975-a1df-fe1cf363c437,DESKTOP-O2445N2,VMware-56 4d ec f1 ba 9d df f1-fc 4e 11 44 05 b7 51 1c,10.0.22000,23/2/2026 3:58:03 am,omnissans.local\philtest1,ANZ,NotAvailable,Enabled,Allow script-initiated windows without size or position constraints,Computer Configuration/Administrative Templates/Windows Components/Internet Explorer/Internet Control Panel/Security Page/Restricted Sites Zone
056a8277-0729-4975-a1df-fe1cf363c437,DESKTOP-O2445N2,VMware-56 4d ec f1 ba 9d df f1-fc 4e 11 44 05 b7 51 1c,10.0.22000,23/2/2026 3:58:03 am,omnissans.local\philtest1,ANZ,NotAvailable,Enabled,Allow script-initiated windows without size or position constraints,Computer Configuration/Administrative Templates/Windows Components/Internet Explorer/Internet Control Panel/Security Page/Internet Zone
056a8277-0729-4975-a1df-fe1cf363c437,DESKTOP-O2445N2,VMware-56 4d ec f1 ba 9d df f1-fc 4e 11 44 05 b7 51 1c,10.0.22000,23/2/2026 3:58:03 am,omnissans.local\philtest1,ANZ,NotAvailable,Enabled,Allow scripting of Internet Explorer WebBrowser controls,Computer Configuration/Administrative Templates/Windows Components/Internet Explorer/Internet Control Panel/Security Page/Restricted Sites Zone
056a8277-0729-4975-a1df-fe1cf363c437,DESKTOP-O2445N2,VMware-56 4d ec f1 ba 9d df f1-fc 4e 11 44 05 b7 51 1c,10.0.22000,23/2/2026 3:58:03 am,omnissans.local\philtest1,ANZ,NotAvailable,Enabled,Allow scripting of Internet Explorer WebBrowser controls,Computer Configuration/Administrative Templates/Windows Components/Internet Explorer/Internet Control Panel/Security Page/Internet Zone
056a8277-0729-4975-a1df-fe1cf363c437,DESKTOP-O2445N2,VMware-56 4d ec f1 ba 9d df f1-fc 4e 11 44 05 b7 51 1c,10.0.22000,23/2/2026 3:58:03 am,omnissans.local\philtest1,ANZ,NotAvailable,Enabled,Allow only approved domains to use the TDC ActiveX control,Computer Configuration/Administrative Templates/Windows Components/Internet Explorer/Internet Control Panel/Security Page/Restricted Sites Zone
056a8277-0729-4975-a1df-fe1cf363c437,DESKTOP-O2445N2,VMware-56 4d ec f1 ba 9d df f1-fc 4e 11 44 05 b7 51 1c,10.0.22000,23/2/2026 3:58:03 am,omnissans.local\philtest1,ANZ,NotAvailable,Enabled,Allow only approved domains to use the TDC ActiveX control,Computer Configuration/Administrative Templates/Windows Components/Internet Explorer/Internet Control Panel/Security Page/Internet Zone
056a8277-0729-4975-a1df-fe1cf363c437,DESKTOP-O2445N2,VMware-56 4d ec f1 ba 9d df f1-fc 4e 11 44 05 b7 51 1c,10.0.22000,23/2/2026 3:58:03 am,omnissans.local\philtest1,ANZ,NotAvailable,Enabled,Allow only approved domains to use ActiveX controls without prompt,Computer Configuration/Administrative Templates/Windows Components/Internet Explorer/Internet Control Panel/Security Page/Restricted Sites Zone
056a8277-0729-4975-a1df-fe1cf363c437,DESKTOP-O2445N2,VMware-56 4d ec f1 ba 9d df f1-fc 4e 11 44 05 b7 51 1c,10.0.22000,23/2/2026 3:58:03 am,omnissans.local\philtest1,ANZ,NotAvailable,Enabled,Allow scriptlets,Computer Configuration/Administrative Templates/Windows Components/Internet Explorer/Internet Control Panel/Security Page/Restricted Sites Zone
056a8277-0729-4975-a1df-fe1cf363c437,DESKTOP-O2445N2,VMware-56 4d ec f1 ba 9d df f1-fc 4e 11 44 05 b7 51 1c,10.0.22000,23/2/2026 3:58:03 am,omnissans.local\philtest1,ANZ,NotAvailable,Enabled,Allow Windows Ink Workspace,Computer Configuration/Administrative Templates/Windows Components/Windows Ink Workspace
056a8277-0729-4975-a1df-fe1cf363c437,DESKTOP-O2445N2,VMware-56 4d ec f1 ba 9d df f1-fc 4e 11 44 05 b7 51 1c,10.0.22000,23/2/2026 3:58:03 am,omnissans.local\philtest1,ANZ,NotAvailable,Disabled,"Allow Windows to automatically connect to suggested open hotspots, to networks shared by contacts, and to hotspots offering paid services",Computer Configuration/Administrative Templates/Network/WLAN Service/WLAN Settings
056a8277-0729-4975-a1df-fe1cf363c437,DESKTOP-O2445N2,VMware-56 4d ec f1 ba 9d df f1-fc 4e 11 44 05 b7 51 1c,10.0.22000,23/2/2026 3:58:03 am,omnissans.local\philtest1,ANZ,NotAvailable,Disabled,Always install with elevated privileges,Computer Configuration/Administrative Templates/Windows Components/Windows Installer
056a8277-0729-4975-a1df-fe1cf363c437,DESKTOP-O2445N2,VMware-56 4d ec f1 ba 9d df f1-fc 4e 11 44 05 b7 51 1c,10.0.22000,23/2/2026 3:58:03 am,omnissans.local\philtest1,ANZ,NotAvailable,Enabled,Audit Other System Events,Computer Configuration/Windows Settings/Security Settings/Advanced Audit Policy Configuration/System Audit Policies - Local Group Policy Object/System
056a8277-0729-4975-a1df-fe1cf363c437,DESKTOP-O2445N2,VMware-56 4d ec f1 ba 9d df f1-fc 4e 11 44 05 b7 51 1c,10.0.22000,23/2/2026 3:58:03 am,omnissans.local\philtest1,ANZ,NotAvailable,Enabled,Audit Other Policy Change Events,Computer Configuration/Windows Settings/Security Settings/Advanced Audit Policy Configuration/System Audit Policies - Local Group Policy Object/Policy Change
056a8277-0729-4975-a1df-fe1cf363c437,DESKTOP-O2445N2,VMware-56 4d ec f1 ba 9d df f1-fc 4e 11 44 05 b7 51 1c,10.0.22000,23/2/2026 3:58:03 am,omnissans.local\philtest1,ANZ,NotAvailable,Enabled,Audit Other Object Access Events,Computer Configuration/Windows Settings/Security Settings/Advanced Audit Policy Configuration/System Audit Policies - Local Group Policy Object/Object Access
056a8277-0729-4975-a1df-fe1cf363c437,DESKTOP-O2445N2,VMware-56 4d ec f1 ba 9d df f1-fc 4e 11 44 05 b7 51 1c,10.0.22000,23/2/2026 3:58:03 am,omnissans.local\philtest1,ANZ,NotAvailable,Enabled,Audit Other Logon/Logoff Events,Computer Configuration/Windows Settings/Security Settings/Advanced Audit Policy Configuration/System Audit Policies - Local Group Policy Object/Logon/Logoff
056a8277-0729-4975-a1df-fe1cf363c437,DESKTOP-O2445N2,VMware-56 4d ec f1 ba 9d df f1-fc 4e 11 44 05 b7 51 1c,10.0.22000,23/2/2026 3:58:03 am,omnissans.local\philtest1,ANZ,NotAvailable,Enabled,Audit MPSSVC Rule-Level Policy Change,Computer Configuration/Windows Settings/Security Settings/Advanced Audit Policy Configuration/System Audit Policies - Local Group Policy Object/Policy Change
056a8277-0729-4975-a1df-fe1cf363c437,DESKTOP-O2445N2,VMware-56 4d ec f1 ba 9d df f1-fc 4e 11 44 05 b7 51 1c,10.0.22000,23/2/2026 3:58:03 am,omnissans.local\philtest1,ANZ,NotAvailable,Enabled,Audit Logon,Computer Configuration/Windows Settings/Security Settings/Advanced Audit Policy Configuration/System Audit Policies - Local Group Policy Object/Logon/Logoff
056a8277-0729-4975-a1df-fe1cf363c437,DESKTOP-O2445N2,VMware-56 4d ec f1 ba 9d df f1-fc 4e 11 44 05 b7 51 1c,10.0.22000,23/2/2026 3:58:03 am,omnissans.local\philtest1,ANZ,NotAvailable,Enabled,Audit insecure guest logon,Computer Configuration/Administrative Templates/Network/Lanman Workstation
056a8277-0729-4975-a1df-fe1cf363c437,DESKTOP-O2445N2,VMware-56 4d ec f1 ba 9d df f1-fc 4e 11 44 05 b7 51 1c,10.0.22000,23/2/2026 3:58:03 am,omnissans.local\philtest1,ANZ,NotAvailable,Enabled,Audit insecure guest logon,Computer Configuration/Administrative Templates/Network/Lanman Server
056a8277-0729-4975-a1df-fe1cf363c437,DESKTOP-O2445N2,VMware-56 4d ec f1 ba 9d df f1-fc 4e 11 44 05 b7 51 1c,10.0.22000,23/2/2026 3:58:03 am,omnissans.local\philtest1,ANZ,NotAvailable,Enabled,Audit Group Membership,Computer Configuration/Windows Settings/Security Settings/Advanced Audit Policy Configuration/System Audit Policies - Local Group Policy Object/Logon/Logoff
056a8277-0729-4975-a1df-fe1cf363c437,DESKTOP-O2445N2,VMware-56 4d ec f1 ba 9d df f1-fc 4e 11 44 05 b7 51 1c,10.0.22000,23/2/2026 3:58:03 am,omnissans.local\philtest1,ANZ,NotAvailable,Enabled,Audit File Share,Computer Configuration/Windows Settings/Security Settings/Advanced Audit Policy Configuration/System Audit Policies - Local Group Policy Object/Object Access
056a8277-0729-4975-a1df-fe1cf363c437,DESKTOP-O2445N2,VMware-56 4d ec f1 ba 9d df f1-fc 4e 11 44 05 b7 51 1c,10.0.22000,23/2/2026 3:58:03 am,omnissans.local\philtest1,ANZ,NotAvailable,Enabled,Audit Detailed File Share,Computer Configuration/Windows Settings/Security Settings/Advanced Audit Policy Configuration/System Audit Policies - Local Group Policy Object/Object Access
056a8277-0729-4975-a1df-fe1cf363c437,DESKTOP-O2445N2,VMware-56 4d ec f1 ba 9d df f1-fc 4e 11 44 05 b7 51 1c,10.0.22000,23/2/2026 3:58:03 am,omnissans.local\philtest1,ANZ,NotAvailable,Enabled,Audit Credential Validation,Computer Configuration/Windows Settings/Security Settings/Advanced Audit Policy Configuration/System Audit Policies - Local Group Policy Object/Account Logon
056a8277-0729-4975-a1df-fe1cf363c437,DESKTOP-O2445N2,VMware-56 4d ec f1 ba 9d df f1-fc 4e 11 44 05 b7 51 1c,10.0.22000,23/2/2026 3:58:03 am,omnissans.local\philtest1,ANZ,NotAvailable,Enabled,Audit client does not support signing,Computer Configuration/Administrative Templates/Network/Lanman Server
056a8277-0729-4975-a1df-fe1cf363c437,DESKTOP-O2445N2,VMware-56 4d ec f1 ba 9d df f1-fc 4e 11 44 05 b7 51 1c,10.0.22000,23/2/2026 3:58:03 am,omnissans.local\philtest1,ANZ,NotAvailable,Enabled,Audit client does not support encryption,Computer Configuration/Administrative Templates/Network/Lanman Server
056a8277-0729-4975-a1df-fe1cf363c437,DESKTOP-O2445N2,VMware-56 4d ec f1 ba 9d df f1-fc 4e 11 44 05 b7 51 1c,10.0.22000,23/2/2026 3:58:03 am,omnissans.local\philtest1,ANZ,NotAvailable,Enabled,Audit Authentication Policy Change,Computer Configuration/Windows Settings/Security Settings/Advanced Audit Policy Configuration/System Audit Policies - Local Group Policy Object/Policy Change
056a8277-0729-4975-a1df-fe1cf363c437,DESKTOP-O2445N2,VMware-56 4d ec f1 ba 9d df f1-fc 4e 11 44 05 b7 51 1c,10.0.22000,23/2/2026 3:58:03 am,omnissans.local\philtest1,ANZ,NotAvailable,Enabled,Audit Audit Policy Change,Computer Configuration/Windows Settings/Security Settings/Advanced Audit Policy Configuration/System Audit Policies - Local Group Policy Object/Policy Change
056a8277-0729-4975-a1df-fe1cf363c437,DESKTOP-O2445N2,VMware-56 4d ec f1 ba 9d df f1-fc 4e 11 44 05 b7 51 1c,10.0.22000,23/2/2026 3:58:03 am,omnissans.local\philtest1,ANZ,NotAvailable,Enabled,Audit Account Lockout,Computer Configuration/Windows Settings/Security Settings/Advanced Audit Policy Configuration/System Audit Policies - Local Group Policy Object/Logon/Logoff
056a8277-0729-4975-a1df-fe1cf363c437,DESKTOP-O2445N2,VMware-56 4d ec f1 ba 9d df f1-fc 4e 11 44 05 b7 51 1c,10.0.22000,23/2/2026 3:58:03 am,omnissans.local\philtest1,ANZ,NotAvailable,NotConfigured,Apply UAC restrictions to local accounts on network logons,Computer Configuration/Administrative Templates/MS Security Guide
056a8277-0729-4975-a1df-fe1cf363c437,DESKTOP-O2445N2,VMware-56 4d ec f1 ba 9d df f1-fc 4e 11 44 05 b7 51 1c,10.0.22000,23/2/2026 3:58:03 am,omnissans.local\philtest1,ANZ,NotAvailable,Enabled,Always prompt for password upon connection,Computer Configuration/Administrative Templates/Windows Components/Remote Desktop Services/Remote Desktop Session Host/Security
056a8277-0729-4975-a1df-fe1cf363c437,DESKTOP-O2445N2,VMware-56 4d ec f1 ba 9d df f1-fc 4e 11 44 05 b7 51 1c,10.0.22000,23/2/2026 3:58:03 am,omnissans.local\philtest1,ANZ,NotAvailable,Enabled,Allow only approved domains to use ActiveX controls without prompt,Computer Configuration/Administrative Templates/Windows Components/Internet Explorer/Internet Control Panel/Security Page/Internet Zone
056a8277-0729-4975-a1df-fe1cf363c437,DESKTOP-O2445N2,VMware-56 4d ec f1 ba 9d df f1-fc 4e 11 44 05 b7 51 1c,10.0.22000,23/2/2026 3:58:03 am,omnissans.local\philtest1,ANZ,NotAvailable,Enabled,Audit PNP Activity,Computer Configuration/Windows Settings/Security Settings/Advanced Audit Policy Configuration/System Audit Policies - Local Group Policy Object/Detailed Tracking
056a8277-0729-4975-a1df-fe1cf363c437,DESKTOP-O2445N2,VMware-56 4d ec f1 ba 9d df f1-fc 4e 11 44 05 b7 51 1c,10.0.22000,23/2/2026 3:58:03 am,omnissans.local\philtest1,ANZ,NotAvailable,Enabled,Allow Microsoft accounts to be optional,Computer Configuration/Administrative Templates/Windows Components/App runtime
056a8277-0729-4975-a1df-fe1cf363c437,DESKTOP-O2445N2,VMware-56 4d ec f1 ba 9d df f1-fc 4e 11 44 05 b7 51 1c,10.0.22000,23/2/2026 3:58:03 am,omnissans.local\philtest1,ANZ,NotAvailable,Enabled,Allow log on locally,Computer Configuration/Windows Settings/Security Settings/Local Policies/User Rights Assignment
056a8277-0729-4975-a1df-fe1cf363c437,DESKTOP-O2445N2,VMware-56 4d ec f1 ba 9d df f1-fc 4e 11 44 05 b7 51 1c,10.0.22000,23/2/2026 3:58:03 am,omnissans.local\philtest1,ANZ,NotAvailable,Enabled,Access Credential Manager as a trusted caller,Computer Configuration/Windows Settings/Security Settings/Local Policies/User Rights Assignment
11f3c97e-8f65-4d0e-8d07-377c442dcb67,DESKTOP-120LONF,VMware-56 4d b0 2a 75 a5 43 5f-1a 6f c8 2b 91 fa cc cc,10.0.22000,23/9/2026 6:51:56 am,omnissans.local\philtest1,LighthouseAPJ,NonCompliant,Enabled,User Account Control: Configure type of Admin Approval Mode,Computer Configuration/Windows Settings/Security Settings/Local Policies/Security Options
11f3c97e-8f65-4d0e-8d07-377c442dcb67,DESKTOP-120LONF,VMware-56 4d b0 2a 75 a5 43 5f-1a 6f c8 2b 91 fa cc cc,10.0.22000,23/9/2026 6:51:56 am,omnissans.local\philtest1,LighthouseAPJ,NonCompliant,Enabled,User Account Control: Behavior of the elevation prompt for administrators running with enhanced privilege protection,Computer Configuration/Windows Settings/Security Settings/Local Policies/Security Options
11f3c97e-8f65-4d0e-8d07-377c442dcb67,DESKTOP-120LONF,VMware-56 4d b0 2a 75 a5 43 5f-1a 6f c8 2b 91 fa cc cc,10.0.22000,23/9/2026 6:51:56 am,omnissans.local\philtest1,LighthouseAPJ,NonCompliant,Enabled,Reset account lockout counter after,Computer Configuration/Windows Settings/Security Settings/Account Policies/Account Lockout Policy
11f3c97e-8f65-4d0e-8d07-377c442dcb67,DESKTOP-120LONF,VMware-56 4d b0 2a 75 a5 43 5f-1a 6f c8 2b 91 fa cc cc,10.0.22000,23/9/2026 6:51:56 am,omnissans.local\philtest1,LighthouseAPJ,NonCompliant,Enabled,Allow Administrator account lockout,Computer Configuration/Windows Settings/Security Settings/Account Policies/Account Lockout Policy
11f3c97e-8f65-4d0e-8d07-377c442dcb67,DESKTOP-120LONF,VMware-56 4d b0 2a 75 a5 43 5f-1a 6f c8 2b 91 fa cc cc,10.0.22000,23/9/2026 6:51:56 am,omnissans.local\philtest1,LighthouseAPJ,NonCompliant,Enabled,Account lockout threshold,Computer Configuration/Windows Settings/Security Settings/Account Policies/Account Lockout Policy
11f3c97e-8f65-4d0e-8d07-377c442dcb67,DESKTOP-120LONF,VMware-56 4d b0 2a 75 a5 43 5f-1a 6f c8 2b 91 fa cc cc,10.0.22000,23/9/2026 6:51:56 am,omnissans.local\philtest1,LighthouseAPJ,NonCompliant,Enabled,Account lockout duration,Computer Configuration/Windows Settings/Security Settings/Account Policies/Account Lockout Policy
ec9a4aff-c76f-4843-9315-912a81f1892a,DESKTOP-120LONF,VMware-56 4d b0 2a 75 a5 43 5f-1a 6f c8 2b 91 fa cc cc,10.0.22000,30/3/2026 2:06:48 am,omnissans.local\philtest1,LighthouseAPJ,NonCompliant,Enabled,User Account Control: Configure type of Admin Approval Mode,Computer Configuration/Windows Settings/Security Settings/Local Policies/Security Options
056a8277-0729-4975-a1df-fe1cf363c437,DESKTOP-O2445N2,VMware-56 4d ec f1 ba 9d df f1-fc 4e 11 44 05 b7 51 1c,10.0.22000,23/2/2026 3:58:03 am,omnissans.local\philtest1,ANZ,NotAvailable,Enabled,Access data sources across domains,Computer Configuration/Administrative Templates/Windows Components/Internet Explorer/Internet Control Panel/Security Page/Internet Zone
ec9a4aff-c76f-4843-9315-912a81f1892a,DESKTOP-120LONF,VMware-56 4d b0 2a 75 a5 43 5f-1a 6f c8 2b 91 fa cc cc,10.0.22000,30/3/2026 2:06:48 am,omnissans.local\philtest1,LighthouseAPJ,NonCompliant,Enabled,User Account Control: Behavior of the elevation prompt for administrators running with enhanced privilege protection,Computer Configuration/Windows Settings/Security Settings/Local Policies/Security Options
ec9a4aff-c76f-4843-9315-912a81f1892a,DESKTOP-120LONF,VMware-56 4d b0 2a 75 a5 43 5f-1a 6f c8 2b 91 fa cc cc,10.0.22000,30/3/2026 2:06:48 am,omnissans.local\philtest1,LighthouseAPJ,NonCompliant,Enabled,Allow Administrator account lockout,Computer Configuration/Windows Settings/Security Settings/Account Policies/Account Lockout Policy
ec9a4aff-c76f-4843-9315-912a81f1892a,DESKTOP-120LONF,VMware-56 4d b0 2a 75 a5 43 5f-1a 6f c8 2b 91 fa cc cc,10.0.22000,30/3/2026 2:06:48 am,omnissans.local\philtest1,LighthouseAPJ,NonCompliant,Enabled,Account lockout threshold,Computer Configuration/Windows Settings/Security Settings/Account Policies/Account Lockout Policy
ec9a4aff-c76f-4843-9315-912a81f1892a,DESKTOP-120LONF,VMware-56 4d b0 2a 75 a5 43 5f-1a 6f c8 2b 91 fa cc cc,10.0.22000,30/3/2026 2:06:48 am,omnissans.local\philtest1,LighthouseAPJ,NonCompliant,Enabled,Account lockout duration,Computer Configuration/Windows Settings/Security Settings/Account Policies/Account Lockout Policy
c6ea923b-57bf-4159-9ba4-2aaeb344b2bd,DESKTOP-120LONF,VMware-56 4d b0 2a 75 a5 43 5f-1a 6f c8 2b 91 fa cc cc,10.0.22000,23/3/2026 5:49:43 am,omnissans.local\philtest1,India,NonCompliant,Enabled,User Account Control: Configure type of Admin Approval Mode,Computer Configuration/Windows Settings/Security Settings/Local Policies/Security Options
c6ea923b-57bf-4159-9ba4-2aaeb344b2bd,DESKTOP-120LONF,VMware-56 4d b0 2a 75 a5 43 5f-1a 6f c8 2b 91 fa cc cc,10.0.22000,23/3/2026 5:49:43 am,omnissans.local\philtest1,India,NonCompliant,Enabled,User Account Control: Behavior of the elevation prompt for administrators running with enhanced privilege protection,Computer Configuration/Windows Settings/Security Settings/Local Policies/Security Options
c6ea923b-57bf-4159-9ba4-2aaeb344b2bd,DESKTOP-120LONF,VMware-56 4d b0 2a 75 a5 43 5f-1a 6f c8 2b 91 fa cc cc,10.0.22000,23/3/2026 5:49:43 am,omnissans.local\philtest1,India,NonCompliant,Enabled,Reset account lockout counter after,Computer Configuration/Windows Settings/Security Settings/Account Policies/Account Lockout Policy
c6ea923b-57bf-4159-9ba4-2aaeb344b2bd,DESKTOP-120LONF,VMware-56 4d b0 2a 75 a5 43 5f-1a 6f c8 2b 91 fa cc cc,10.0.22000,23/3/2026 5:49:43 am,omnissans.local\philtest1,India,NonCompliant,Enabled,Allow Administrator account lockout,Computer Configuration/Windows Settings/Security Settings/Account Policies/Account Lockout Policy
c6ea923b-57bf-4159-9ba4-2aaeb344b2bd,DESKTOP-120LONF,VMware-56 4d b0 2a 75 a5 43 5f-1a 6f c8 2b 91 fa cc cc,10.0.22000,23/3/2026 5:49:43 am,omnissans.local\philtest1,India,NonCompliant,Enabled,Account lockout threshold,Computer Configuration/Windows Settings/Security Settings/Account Policies/Account Lockout Policy
ec9a4aff-c76f-4843-9315-912a81f1892a,DESKTOP-120LONF,VMware-56 4d b0 2a 75 a5 43 5f-1a 6f c8 2b 91 fa cc cc,10.0.22000,30/3/2026 2:06:48 am,omnissans.local\philtest1,LighthouseAPJ,NonCompliant,Enabled,Reset account lockout counter after,Computer Configuration/Windows Settings/Security Settings/Account Policies/Account Lockout Policy
056a8277-0729-4975-a1df-fe1cf363c437,DESKTOP-O2445N2,VMware-56 4d ec f1 ba 9d df f1-fc 4e 11 44 05 b7 51 1c,10.0.22000,23/2/2026 3:58:03 am,omnissans.local\philtest1,ANZ,NotAvailable,Enabled,Access data sources across domains,Computer Configuration/Administrative Templates/Windows Components/Internet Explorer/Internet Control Panel/Security Page/Restricted Sites Zone
056a8277-0729-4975-a1df-fe1cf363c437,DESKTOP-O2445N2,VMware-56 4d ec f1 ba 9d df f1-fc 4e 11 44 05 b7 51 1c,10.0.22000,23/2/2026 3:58:03 am,omnissans.local\philtest1,ANZ,NotAvailable,Enabled,Access this computer from the network,Computer Configuration/Windows Settings/Security Settings/Local Policies/User Rights Assignment
056a8277-0729-4975-a1df-fe1cf363c437,DESKTOP-O2445N2,VMware-56 4d ec f1 ba 9d df f1-fc 4e 11 44 05 b7 51 1c,10.0.22000,23/2/2026 3:58:03 am,omnissans.local\philtest1,ANZ,NotAvailable,Enabled,Account lockout duration,Computer Configuration/Windows Settings/Security Settings/Account Policies/Account Lockout Policy
056a8277-0729-4975-a1df-fe1cf363c437,DESKTOP-O2445N2,VMware-56 4d ec f1 ba 9d df f1-fc 4e 11 44 05 b7 51 1c,10.0.22000,23/2/2026 3:58:03 am,omnissans.local\philtest1,ANZ,NotAvailable,Enabled,Allow loading of XAML files,Computer Configuration/Administrative Templates/Windows Components/Internet Explorer/Internet Control Panel/Security Page/Restricted Sites Zone
056a8277-0729-4975-a1df-fe1cf363c437,DESKTOP-O2445N2,VMware-56 4d ec f1 ba 9d df f1-fc 4e 11 44 05 b7 51 1c,10.0.22000,23/2/2026 3:58:03 am,omnissans.local\philtest1,ANZ,NotAvailable,Enabled,Allow loading of XAML files,Computer Configuration/Administrative Templates/Windows Components/Internet Explorer/Internet Control Panel/Security Page/Internet Zone
056a8277-0729-4975-a1df-fe1cf363c437,DESKTOP-O2445N2,VMware-56 4d ec f1 ba 9d df f1-fc 4e 11 44 05 b7 51 1c,10.0.22000,23/2/2026 3:58:03 am,omnissans.local\philtest1,ANZ,NotAvailable,Disabled,Allow indexing of encrypted files,Computer Configuration/Administrative Templates/Windows Components/Search
056a8277-0729-4975-a1df-fe1cf363c437,DESKTOP-O2445N2,VMware-56 4d ec f1 ba 9d df f1-fc 4e 11 44 05 b7 51 1c,10.0.22000,23/2/2026 3:58:03 am,omnissans.local\philtest1,ANZ,NotAvailable,Enabled,Allow file downloads,Computer Configuration/Administrative Templates/Windows Components/Internet Explorer/Internet Control Panel/Security Page/Restricted Sites Zone
056a8277-0729-4975-a1df-fe1cf363c437,DESKTOP-O2445N2,VMware-56 4d ec f1 ba 9d df f1-fc 4e 11 44 05 b7 51 1c,10.0.22000,23/2/2026 3:58:03 am,omnissans.local\philtest1,ANZ,NotAvailable,Enabled,Allow fallback to SSL 3.0 (Internet Explorer),Computer Configuration/Administrative Templates/Windows Components/Internet Explorer/Security Features
056a8277-0729-4975-a1df-fe1cf363c437,DESKTOP-O2445N2,VMware-56 4d ec f1 ba 9d df f1-fc 4e 11 44 05 b7 51 1c,10.0.22000,23/2/2026 3:58:03 am,omnissans.local\philtest1,ANZ,NotAvailable,Enabled,Allow enhanced PINs for startup,Computer Configuration/Administrative Templates/Windows Components/BitLocker Drive Encryption/Operating System Drives
056a8277-0729-4975-a1df-fe1cf363c437,DESKTOP-O2445N2,VMware-56 4d ec f1 ba 9d df f1-fc 4e 11 44 05 b7 51 1c,10.0.22000,23/2/2026 3:58:03 am,omnissans.local\philtest1,ANZ,NotAvailable,Enabled,Allow drag and drop or copy and paste files,Computer Configuration/Administrative Templates/Windows Components/Internet Explorer/Internet Control Panel/Security Page/Restricted Sites Zone
056a8277-0729-4975-a1df-fe1cf363c437,DESKTOP-O2445N2,VMware-56 4d ec f1 ba 9d df f1-fc 4e 11 44 05 b7 51 1c,10.0.22000,23/2/2026 3:58:03 am,omnissans.local\philtest1,ANZ,NotAvailable,Enabled,Allow drag and drop or copy and paste files,Computer Configuration/Administrative Templates/Windows Components/Internet Explorer/Internet Control Panel/Security Page/Internet Zone
056a8277-0729-4975-a1df-fe1cf363c437,DESKTOP-O2445N2,VMware-56 4d ec f1 ba 9d df f1-fc 4e 11 44 05 b7 51 1c,10.0.22000,23/2/2026 3:58:03 am,omnissans.local\philtest1,ANZ,NotAvailable,Enabled,"Allow cut, copy or paste operations from the clipboard via script",Computer Configuration/Administrative Templates/Windows Components/Internet Explorer/Internet Control Panel/Security Page/Restricted Sites Zone
056a8277-0729-4975-a1df-fe1cf363c437,DESKTOP-O2445N2,VMware-56 4d ec f1 ba 9d df f1-fc 4e 11 44 05 b7 51 1c,10.0.22000,23/2/2026 3:58:03 am,omnissans.local\philtest1,ANZ,NotAvailable,Enabled,"Allow cut, copy or paste operations from the clipboard via script",Computer Configuration/Administrative Templates/Windows Components/Internet Explorer/Internet Control Panel/Security Page/Internet Zone
056a8277-0729-4975-a1df-fe1cf363c437,DESKTOP-O2445N2,VMware-56 4d ec f1 ba 9d df f1-fc 4e 11 44 05 b7 51 1c,10.0.22000,23/2/2026 3:58:03 am,omnissans.local\philtest1,ANZ,NotAvailable,Disabled,Allow Custom SSPs and APs to be loaded into LSASS,Computer Configuration/Administrative Templates/System/Local Security Authority
056a8277-0729-4975-a1df-fe1cf363c437,DESKTOP-O2445N2,VMware-56 4d ec f1 ba 9d df f1-fc 4e 11 44 05 b7 51 1c,10.0.22000,23/2/2026 3:58:03 am,omnissans.local\philtest1,ANZ,NotAvailable,Enabled,Allow binary and script behaviors,Computer Configuration/Administrative Templates/Windows Components/Internet Explorer/Internet Control Panel/Security Page/Restricted Sites Zone
056a8277-0729-4975-a1df-fe1cf363c437,DESKTOP-O2445N2,VMware-56 4d ec f1 ba 9d df f1-fc 4e 11 44 05 b7 51 1c,10.0.22000,23/2/2026 3:58:03 am,omnissans.local\philtest1,ANZ,NotAvailable,Disabled,Allow Basic authentication,Computer Configuration/Administrative Templates/Windows Components/Windows Remote Management (WinRM)/WinRM Service
056a8277-0729-4975-a1df-fe1cf363c437,DESKTOP-O2445N2,VMware-56 4d ec f1 ba 9d df f1-fc 4e 11 44 05 b7 51 1c,10.0.22000,23/2/2026 3:58:03 am,omnissans.local\philtest1,ANZ,NotAvailable,Disabled,Allow Basic authentication,Computer Configuration/Administrative Templates/Windows Components/Windows Remote Management (WinRM)/WinRM Client
056a8277-0729-4975-a1df-fe1cf363c437,DESKTOP-O2445N2,VMware-56 4d ec f1 ba 9d df f1-fc 4e 11 44 05 b7 51 1c,10.0.22000,23/2/2026 3:58:03 am,omnissans.local\philtest1,ANZ,NotAvailable,Enabled,Allow Administrator account lockout,Computer Configuration/Windows Settings/Security Settings/Account Policies/Account Lockout Policy
056a8277-0729-4975-a1df-fe1cf363c437,DESKTOP-O2445N2,VMware-56 4d ec f1 ba 9d df f1-fc 4e 11 44 05 b7 51 1c,10.0.22000,23/2/2026 3:58:03 am,omnissans.local\philtest1,ANZ,NotAvailable,Enabled,Allow active scripting,Computer Configuration/Administrative Templates/Windows Components/Internet Explorer/Internet Control Panel/Security Page/Restricted Sites Zone
056a8277-0729-4975-a1df-fe1cf363c437,DESKTOP-O2445N2,VMware-56 4d ec f1 ba 9d df f1-fc 4e 11 44 05 b7 51 1c,10.0.22000,23/2/2026 3:58:03 am,omnissans.local\philtest1,ANZ,NotAvailable,Enabled,Act as part of the operating system,Computer Configuration/Windows Settings/Security Settings/Local Policies/User Rights Assignment
056a8277-0729-4975-a1df-fe1cf363c437,DESKTOP-O2445N2,VMware-56 4d ec f1 ba 9d df f1-fc 4e 11 44 05 b7 51 1c,10.0.22000,23/2/2026 3:58:03 am,omnissans.local\philtest1,ANZ,NotAvailable,Enabled,Accounts: Limit local account use of blank passwords to console logon only,Computer Configuration/Windows Settings/Security Settings/Local Policies/Security Options
056a8277-0729-4975-a1df-fe1cf363c437,DESKTOP-O2445N2,VMware-56 4d ec f1 ba 9d df f1-fc 4e 11 44 05 b7 51 1c,10.0.22000,23/2/2026 3:58:03 am,omnissans.local\philtest1,ANZ,NotAvailable,Enabled,Account lockout threshold,Computer Configuration/Windows Settings/Security Settings/Account Policies/Account Lockout Policy
056a8277-0729-4975-a1df-fe1cf363c437,DESKTOP-O2445N2,VMware-56 4d ec f1 ba 9d df f1-fc 4e 11 44 05 b7 51 1c,10.0.22000,23/2/2026 3:58:03 am,omnissans.local\philtest1,ANZ,NotAvailable,Enabled,Allow META REFRESH,Computer Configuration/Administrative Templates/Windows Components/Internet Explorer/Internet Control Panel/Security Page/Restricted Sites Zone
056a8277-0729-4975-a1df-fe1cf363c437,DESKTOP-O2445N2,VMware-56 4d ec f1 ba 9d df f1-fc 4e 11 44 05 b7 51 1c,10.0.22000,23/2/2026 3:58:03 am,omnissans.local\philtest1,ANZ,NotAvailable,Enabled,Audit Process Creation,Computer Configuration/Windows Settings/Security Settings/Advanced Audit Policy Configuration/System Audit Policies - Local Group Policy Object/Detailed Tracking
056a8277-0729-4975-a1df-fe1cf363c437,DESKTOP-O2445N2,VMware-56 4d ec f1 ba 9d df f1-fc 4e 11 44 05 b7 51 1c,10.0.22000,23/2/2026 3:58:03 am,omnissans.local\philtest1,ANZ,NotAvailable,Enabled,Audit Removable Storage,Computer Configuration/Windows Settings/Security Settings/Advanced Audit Policy Configuration/System Audit Policies - Local Group Policy Object/Object Access
056a8277-0729-4975-a1df-fe1cf363c437,DESKTOP-O2445N2,VMware-56 4d ec f1 ba 9d df f1-fc 4e 11 44 05 b7 51 1c,10.0.22000,23/2/2026 3:58:03 am,omnissans.local\philtest1,ANZ,NotAvailable,Enabled,Audit Security Group Management,Computer Configuration/Windows Settings/Security Settings/Advanced Audit Policy Configuration/System Audit Policies - Local Group Policy Object/Account Management
056a8277-0729-4975-a1df-fe1cf363c437,DESKTOP-O2445N2,VMware-56 4d ec f1 ba 9d df f1-fc 4e 11 44 05 b7 51 1c,10.0.22000,23/2/2026 3:58:03 am,omnissans.local\philtest1,ANZ,NotAvailable,Enabled,Domain member: Digitally encrypt secure channel data (when possible),Computer Configuration/Windows Settings/Security Settings/Local Policies/Security Options
056a8277-0729-4975-a1df-fe1cf363c437,DESKTOP-O2445N2,VMware-56 4d ec f1 ba 9d df f1-fc 4e 11 44 05 b7 51 1c,10.0.22000,23/2/2026 3:58:03 am,omnissans.local\philtest1,ANZ,NotAvailable,Enabled,Domain member: Digitally encrypt or sign secure channel data (always),Computer Configuration/Windows Settings/Security Settings/Local Policies/Security Options
056a8277-0729-4975-a1df-fe1cf363c437,DESKTOP-O2445N2,VMware-56 4d ec f1 ba 9d df f1-fc 4e 11 44 05 b7 51 1c,10.0.22000,23/2/2026 3:58:03 am,omnissans.local\philtest1,ANZ,NotAvailable,Enabled,Do not suggest third-party content in Windows spotlight,User Configuration/Administrative Templates/Windows Components/Cloud Content
056a8277-0729-4975-a1df-fe1cf363c437,DESKTOP-O2445N2,VMware-56 4d ec f1 ba 9d df f1-fc 4e 11 44 05 b7 51 1c,10.0.22000,23/2/2026 3:58:03 am,omnissans.local\philtest1,ANZ,NotAvailable,Disabled,Do not apply the Mark of the Web tag to files copied from insecure sources,Computer Configuration/Administrative Templates/Windows Components/File Explorer
056a8277-0729-4975-a1df-fe1cf363c437,DESKTOP-O2445N2,VMware-56 4d ec f1 ba 9d df f1-fc 4e 11 44 05 b7 51 1c,10.0.22000,23/2/2026 3:58:03 am,omnissans.local\philtest1,ANZ,NotAvailable,Enabled,Do not allow passwords to be saved,Computer Configuration/Administrative Templates/Windows Components/Remote Desktop Services/Remote Desktop Connection Client
056a8277-0729-4975-a1df-fe1cf363c437,DESKTOP-O2445N2,VMware-56 4d ec f1 ba 9d df f1-fc 4e 11 44 05 b7 51 1c,10.0.22000,23/2/2026 3:58:03 am,omnissans.local\philtest1,ANZ,NotAvailable,Enabled,Do not allow drive redirection,Computer Configuration/Administrative Templates/Windows Components/Remote Desktop Services/Remote Desktop Session Host/Device and Resource Redirection
056a8277-0729-4975-a1df-fe1cf363c437,DESKTOP-O2445N2,VMware-56 4d ec f1 ba 9d df f1-fc 4e 11 44 05 b7 51 1c,10.0.22000,23/2/2026 3:58:03 am,omnissans.local\philtest1,ANZ,NotAvailable,Enabled,Do not allow ActiveX controls to run in Protected Mode when Enhanced Protected Mode is enabled,Computer Configuration/Administrative Templates/Windows Components/Internet Explorer/Internet Control Panel/Advanced Page
056a8277-0729-4975-a1df-fe1cf363c437,DESKTOP-O2445N2,VMware-56 4d ec f1 ba 9d df f1-fc 4e 11 44 05 b7 51 1c,10.0.22000,23/2/2026 3:58:03 am,omnissans.local\philtest1,ANZ,NotAvailable,Enabled,Disallow WinRM from storing RunAs credentials,Computer Configuration/Administrative Templates/Windows Components/Windows Remote Management (WinRM)/WinRM Service
056a8277-0729-4975-a1df-fe1cf363c437,DESKTOP-O2445N2,VMware-56 4d ec f1 ba 9d df f1-fc 4e 11 44 05 b7 51 1c,10.0.22000,23/2/2026 3:58:03 am,omnissans.local\philtest1,ANZ,NotAvailable,Enabled,Domain member: Digitally sign secure channel data (when possible),Computer Configuration/Windows Settings/Security Settings/Local Policies/Security Options
056a8277-0729-4975-a1df-fe1cf363c437,DESKTOP-O2445N2,VMware-56 4d ec f1 ba 9d df f1-fc 4e 11 44 05 b7 51 1c,10.0.22000,23/2/2026 3:58:03 am,omnissans.local\philtest1,ANZ,NotAvailable,Enabled,Disallow Digest authentication,Computer Configuration/Administrative Templates/Windows Components/Windows Remote Management (WinRM)/WinRM Client
056a8277-0729-4975-a1df-fe1cf363c437,DESKTOP-O2445N2,VMware-56 4d ec f1 ba 9d df f1-fc 4e 11 44 05 b7 51 1c,10.0.22000,23/2/2026 3:58:03 am,omnissans.local\philtest1,ANZ,NotAvailable,Enabled,Disable new DMA devices when this computer is locked,Computer Configuration/Administrative Templates/Windows Components/BitLocker Drive Encryption
056a8277-0729-4975-a1df-fe1cf363c437,DESKTOP-O2445N2,VMware-56 4d ec f1 ba 9d df f1-fc 4e 11 44 05 b7 51 1c,10.0.22000,23/2/2026 3:58:03 am,omnissans.local\philtest1,ANZ,NotAvailable,Enabled,Disable Internet Explorer 11 Launch Via COM Automation,Computer Configuration/Administrative Templates/Windows Components/Internet Explorer
056a8277-0729-4975-a1df-fe1cf363c437,DESKTOP-O2445N2,VMware-56 4d ec f1 ba 9d df f1-fc 4e 11 44 05 b7 51 1c,10.0.22000,23/2/2026 3:58:03 am,omnissans.local\philtest1,ANZ,NotAvailable,Enabled,Deny write access to removable drives not protected by BitLocker,Computer Configuration/Administrative Templates/Windows Components/BitLocker Drive Encryption/Removable Data Drives
056a8277-0729-4975-a1df-fe1cf363c437,DESKTOP-O2445N2,VMware-56 4d ec f1 ba 9d df f1-fc 4e 11 44 05 b7 51 1c,10.0.22000,23/2/2026 3:58:03 am,omnissans.local\philtest1,ANZ,NotAvailable,Enabled,Deny log on through Remote Desktop Services,Computer Configuration/Windows Settings/Security Settings/Local Policies/User Rights Assignment
056a8277-0729-4975-a1df-fe1cf363c437,DESKTOP-O2445N2,VMware-56 4d ec f1 ba 9d df f1-fc 4e 11 44 05 b7 51 1c,10.0.22000,23/2/2026 3:58:03 am,omnissans.local\philtest1,ANZ,NotAvailable,Enabled,Deny access to this computer from the network,Computer Configuration/Windows Settings/Security Settings/Local Policies/User Rights Assignment
056a8277-0729-4975-a1df-fe1cf363c437,DESKTOP-O2445N2,VMware-56 4d ec f1 ba 9d df f1-fc 4e 11 44 05 b7 51 1c,10.0.22000,23/2/2026 3:58:03 am,omnissans.local\philtest1,ANZ,NotAvailable,Enabled,Debug programs,Computer Configuration/Windows Settings/Security Settings/Local Policies/User Rights Assignment
056a8277-0729-4975-a1df-fe1cf363c437,DESKTOP-O2445N2,VMware-56 4d ec f1 ba 9d df f1-fc 4e 11 44 05 b7 51 1c,10.0.22000,23/2/2026 3:58:03 am,omnissans.local\philtest1,ANZ,NotAvailable,Enabled,Create permanent shared objects,Computer Configuration/Windows Settings/Security Settings/Local Policies/User Rights Assignment
056a8277-0729-4975-a1df-fe1cf363c437,DESKTOP-O2445N2,VMware-56 4d ec f1 ba 9d df f1-fc 4e 11 44 05 b7 51 1c,10.0.22000,23/2/2026 3:58:03 am,omnissans.local\philtest1,ANZ,NotAvailable,Enabled,Create global objects,Computer Configuration/Windows Settings/Security Settings/Local Policies/User Rights Assignment
056a8277-0729-4975-a1df-fe1cf363c437,DESKTOP-O2445N2,VMware-56 4d ec f1 ba 9d df f1-fc 4e 11 44 05 b7 51 1c,10.0.22000,23/2/2026 3:58:03 am,omnissans.local\philtest1,ANZ,NotAvailable,Enabled,Disallow Autoplay for non-volume devices,Computer Configuration/Administrative Templates/Windows Components/AutoPlay Policies
056a8277-0729-4975-a1df-fe1cf363c437,DESKTOP-O2445N2,VMware-56 4d ec f1 ba 9d df f1-fc 4e 11 44 05 b7 51 1c,10.0.22000,23/2/2026 3:58:03 am,omnissans.local\philtest1,ANZ,NotAvailable,Disabled,Domain member: Disable machine account password changes,Computer Configuration/Windows Settings/Security Settings/Local Policies/Security Options
056a8277-0729-4975-a1df-fe1cf363c437,DESKTOP-O2445N2,VMware-56 4d ec f1 ba 9d df f1-fc 4e 11 44 05 b7 51 1c,10.0.22000,23/2/2026 3:58:03 am,omnissans.local\philtest1,ANZ,NotAvailable,Enabled,Domain member: Require strong (Windows 2000 or later) session key,Computer Configuration/Windows Settings/Security Settings/Local Policies/Security Options
056a8277-0729-4975-a1df-fe1cf363c437,DESKTOP-O2445N2,VMware-56 4d ec f1 ba 9d df f1-fc 4e 11 44 05 b7 51 1c,10.0.22000,23/2/2026 3:58:03 am,omnissans.local\philtest1,ANZ,NotAvailable,Enabled,Don't run antimalware programs against ActiveX controls,Computer Configuration/Administrative Templates/Windows Components/Internet Explorer/Internet Control Panel/Security Page/Internet Zone
056a8277-0729-4975-a1df-fe1cf363c437,DESKTOP-O2445N2,VMware-56 4d ec f1 ba 9d df f1-fc 4e 11 44 05 b7 51 1c,10.0.22000,23/2/2026 3:58:03 am,omnissans.local\philtest1,ANZ,NotAvailable,Disabled,Enable remote mailslots,Computer Configuration/Administrative Templates/Network/Lanman Server
056a8277-0729-4975-a1df-fe1cf363c437,DESKTOP-O2445N2,VMware-56 4d ec f1 ba 9d df f1-fc 4e 11 44 05 b7 51 1c,10.0.22000,23/2/2026 3:58:03 am,omnissans.local\philtest1,ANZ,NotAvailable,Enabled,Enable password encryption,Computer Configuration/Administrative Templates/System/LAPS
056a8277-0729-4975-a1df-fe1cf363c437,DESKTOP-O2445N2,VMware-56 4d ec f1 ba 9d df f1-fc 4e 11 44 05 b7 51 1c,10.0.22000,23/2/2026 3:58:03 am,omnissans.local\philtest1,ANZ,NotAvailable,Enabled,Enable password backup for DSRM accounts,Computer Configuration/Administrative Templates/System/LAPS
056a8277-0729-4975-a1df-fe1cf363c437,DESKTOP-O2445N2,VMware-56 4d ec f1 ba 9d df f1-fc 4e 11 44 05 b7 51 1c,10.0.22000,23/2/2026 3:58:03 am,omnissans.local\philtest1,ANZ,NotAvailable,Disabled,Enable insecure guest logons,Computer Configuration/Administrative Templates/Network/Lanman Workstation
056a8277-0729-4975-a1df-fe1cf363c437,DESKTOP-O2445N2,VMware-56 4d ec f1 ba 9d df f1-fc 4e 11 44 05 b7 51 1c,10.0.22000,23/2/2026 3:58:03 am,omnissans.local\philtest1,ANZ,NotAvailable,Enabled,Enable EDR in block mode,Computer Configuration/Administrative Templates/Windows Components/Microsoft Defender Antivirus/Features
056a8277-0729-4975-a1df-fe1cf363c437,DESKTOP-O2445N2,VMware-56 4d ec f1 ba 9d df f1-fc 4e 11 44 05 b7 51 1c,10.0.22000,23/2/2026 3:58:03 am,omnissans.local\philtest1,ANZ,NotAvailable,Enabled,Enable dragging of content from different domains within a window,Computer Configuration/Administrative Templates/Windows Components/Internet Explorer/Internet Control Panel/Security Page/Restricted Sites Zone
056a8277-0729-4975-a1df-fe1cf363c437,DESKTOP-O2445N2,VMware-56 4d ec f1 ba 9d df f1-fc 4e 11 44 05 b7 51 1c,10.0.22000,23/2/2026 3:58:03 am,omnissans.local\philtest1,ANZ,NotAvailable,Enabled,Enable dragging of content from different domains within a window,Computer Configuration/Administrative Templates/Windows Components/Internet Explorer/Internet Control Panel/Security Page/Internet Zone
056a8277-0729-4975-a1df-fe1cf363c437,DESKTOP-O2445N2,VMware-56 4d ec f1 ba 9d df f1-fc 4e 11 44 05 b7 51 1c,10.0.22000,23/2/2026 3:58:03 am,omnissans.local\philtest1,ANZ,NotAvailable,Enabled,Enable dragging of content from different domains across windows,Computer Configuration/Administrative Templates/Windows Components/Internet Explorer/Internet Control Panel/Security Page/Restricted Sites Zone
056a8277-0729-4975-a1df-fe1cf363c437,DESKTOP-O2445N2,VMware-56 4d ec f1 ba 9d df f1-fc 4e 11 44 05 b7 51 1c,10.0.22000,23/2/2026 3:58:03 am,omnissans.local\philtest1,ANZ,NotAvailable,Enabled,Enable dragging of content from different domains across windows,Computer Configuration/Administrative Templates/Windows Components/Internet Explorer/Internet Control Panel/Security Page/Internet Zone
056a8277-0729-4975-a1df-fe1cf363c437,DESKTOP-O2445N2,VMware-56 4d ec f1 ba 9d df f1-fc 4e 11 44 05 b7 51 1c,10.0.22000,23/2/2026 3:58:03 am,omnissans.local\philtest1,ANZ,NotAvailable,Enabled,Enable computer and user accounts to be trusted for delegation,Computer Configuration/Windows Settings/Security Settings/Local Policies/User Rights Assignment
056a8277-0729-4975-a1df-fe1cf363c437,DESKTOP-O2445N2,VMware-56 4d ec f1 ba 9d df f1-fc 4e 11 44 05 b7 51 1c,10.0.22000,23/2/2026 3:58:03 am,omnissans.local\philtest1,ANZ,NotAvailable,Enabled,Enable authentication rate limiter,Computer Configuration/Administrative Templates/Network/Lanman Server
056a8277-0729-4975-a1df-fe1cf363c437,DESKTOP-O2445N2,VMware-56 4d ec f1 ba 9d df f1-fc 4e 11 44 05 b7 51 1c,10.0.22000,23/2/2026 3:58:03 am,omnissans.local\philtest1,ANZ,NotAvailable,Enabled,Download unsigned ActiveX controls,Computer Configuration/Administrative Templates/Windows Components/Internet Explorer/Internet Control Panel/Security Page/Restricted Sites Zone
056a8277-0729-4975-a1df-fe1cf363c437,DESKTOP-O2445N2,VMware-56 4d ec f1 ba 9d df f1-fc 4e 11 44 05 b7 51 1c,10.0.22000,23/2/2026 3:58:03 am,omnissans.local\philtest1,ANZ,NotAvailable,Enabled,Download unsigned ActiveX controls,Computer Configuration/Administrative Templates/Windows Components/Internet Explorer/Internet Control Panel/Security Page/Internet Zone
056a8277-0729-4975-a1df-fe1cf363c437,DESKTOP-O2445N2,VMware-56 4d ec f1 ba 9d df f1-fc 4e 11 44 05 b7 51 1c,10.0.22000,23/2/2026 3:58:03 am,omnissans.local\philtest1,ANZ,NotAvailable,Enabled,Download signed ActiveX controls,Computer Configuration/Administrative Templates/Windows Components/Internet Explorer/Internet Control Panel/Security Page/Restricted Sites Zone
056a8277-0729-4975-a1df-fe1cf363c437,DESKTOP-O2445N2,VMware-56 4d ec f1 ba 9d df f1-fc 4e 11 44 05 b7 51 1c,10.0.22000,23/2/2026 3:58:03 am,omnissans.local\philtest1,ANZ,NotAvailable,Enabled,Download signed ActiveX controls,Computer Configuration/Administrative Templates/Windows Components/Internet Explorer/Internet Control Panel/Security Page/Internet Zone
056a8277-0729-4975-a1df-fe1cf363c437,DESKTOP-O2445N2,VMware-56 4d ec f1 ba 9d df f1-fc 4e 11 44 05 b7 51 1c,10.0.22000,23/2/2026 3:58:03 am,omnissans.local\philtest1,ANZ,NotAvailable,Enabled,Don't run antimalware programs against ActiveX controls,Computer Configuration/Administrative Templates/Windows Components/Internet Explorer/Internet Control Panel/Security Page/Trusted Sites Zone
056a8277-0729-4975-a1df-fe1cf363c437,DESKTOP-O2445N2,VMware-56 4d ec f1 ba 9d df f1-fc 4e 11 44 05 b7 51 1c,10.0.22000,23/2/2026 3:58:03 am,omnissans.local\philtest1,ANZ,NotAvailable,Enabled,Don't run antimalware programs against ActiveX controls,Computer Configuration/Administrative Templates/Windows Components/Internet Explorer/Internet Control Panel/Security Page/Restricted Sites Zone
056a8277-0729-4975-a1df-fe1cf363c437,DESKTOP-O2445N2,VMware-56 4d ec f1 ba 9d df f1-fc 4e 11 44 05 b7 51 1c,10.0.22000,23/2/2026 3:58:03 am,omnissans.local\philtest1,ANZ,NotAvailable,Enabled,Don't run antimalware programs against ActiveX controls,Computer Configuration/Administrative Templates/Windows Components/Internet Explorer/Internet Control Panel/Security Page/Local Machine Zone
056a8277-0729-4975-a1df-fe1cf363c437,DESKTOP-O2445N2,VMware-56 4d ec f1 ba 9d df f1-fc 4e 11 44 05 b7 51 1c,10.0.22000,23/2/2026 3:58:03 am,omnissans.local\philtest1,ANZ,NotAvailable,Enabled,Don't run antimalware programs against ActiveX controls,Computer Configuration/Administrative Templates/Windows Components/Internet Explorer/Internet Control Panel/Security Page/Intranet Zone
056a8277-0729-4975-a1df-fe1cf363c437,DESKTOP-O2445N2,VMware-56 4d ec f1 ba 9d df f1-fc 4e 11 44 05 b7 51 1c,10.0.22000,23/2/2026 3:58:03 am,omnissans.local\philtest1,ANZ,NotAvailable,Enabled,Create a token object,Computer Configuration/Windows Settings/Security Settings/Local Policies/User Rights Assignment
056a8277-0729-4975-a1df-fe1cf363c437,DESKTOP-O2445N2,VMware-56 4d ec f1 ba 9d df f1-fc 4e 11 44 05 b7 51 1c,10.0.22000,23/2/2026 3:58:03 am,omnissans.local\philtest1,ANZ,NotAvailable,Enabled,Create a pagefile,Computer Configuration/Windows Settings/Security Settings/Local Policies/User Rights Assignment
056a8277-0729-4975-a1df-fe1cf363c437,DESKTOP-O2445N2,VMware-56 4d ec f1 ba 9d df f1-fc 4e 11 44 05 b7 51 1c,10.0.22000,23/2/2026 3:58:03 am,omnissans.local\philtest1,ANZ,NotAvailable,Enabled,Convert warn verdict to block,Computer Configuration/Administrative Templates/Windows Components/Microsoft Defender Antivirus/Network Inspection System
056a8277-0729-4975-a1df-fe1cf363c437,DESKTOP-O2445N2,VMware-56 4d ec f1 ba 9d df f1-fc 4e 11 44 05 b7 51 1c,10.0.22000,23/2/2026 3:58:03 am,omnissans.local\philtest1,ANZ,NotAvailable,Enabled,Control whether or not exclusions are visible to Local Admins,Computer Configuration/Administrative Templates/Windows Components/Microsoft Defender Antivirus
056a8277-0729-4975-a1df-fe1cf363c437,DESKTOP-O2445N2,VMware-56 4d ec f1 ba 9d df f1-fc 4e 11 44 05 b7 51 1c,10.0.22000,23/2/2026 3:58:03 am,omnissans.local\philtest1,ANZ,NotAvailable,Enabled,Configure extended cloud check,Computer Configuration/Administrative Templates/Windows Components/Microsoft Defender Antivirus/MpEngine
056a8277-0729-4975-a1df-fe1cf363c437,DESKTOP-O2445N2,VMware-56 4d ec f1 ba 9d df f1-fc 4e 11 44 05 b7 51 1c,10.0.22000,23/2/2026 3:58:03 am,omnissans.local\philtest1,ANZ,NotAvailable,Enabled,Configure enhanced anti-spoofing,Computer Configuration/Administrative Templates/Windows Components/Biometrics/Facial Features
056a8277-0729-4975-a1df-fe1cf363c437,DESKTOP-O2445N2,VMware-56 4d ec f1 ba 9d df f1-fc 4e 11 44 05 b7 51 1c,10.0.22000,23/2/2026 3:58:03 am,omnissans.local\philtest1,ANZ,NotAvailable,Enabled,Configure detection for potentially unwanted applications,Computer Configuration/Administrative Templates/Windows Components/Microsoft Defender Antivirus
056a8277-0729-4975-a1df-fe1cf363c437,DESKTOP-O2445N2,VMware-56 4d ec f1 ba 9d df f1-fc 4e 11 44 05 b7 51 1c,10.0.22000,23/2/2026 3:58:03 am,omnissans.local\philtest1,ANZ,NotAvailable,Enabled,Configure Attack Surface Reduction rules,Computer Configuration/Administrative Templates/Windows Components/Microsoft Defender Antivirus/Microsoft Defender Exploit Guard/Attack Surface Reduction
056a8277-0729-4975-a1df-fe1cf363c437,DESKTOP-O2445N2,VMware-56 4d ec f1 ba 9d df f1-fc 4e 11 44 05 b7 51 1c,10.0.22000,23/2/2026 3:58:03 am,omnissans.local\philtest1,ANZ,NotAvailable,Enabled,Check for signatures on downloaded programs,Computer Configuration/Administrative Templates/Windows Components/Internet Explorer/Internet Control Panel/Advanced Page
056a8277-0729-4975-a1df-fe1cf363c437,DESKTOP-O2445N2,VMware-56 4d ec f1 ba 9d df f1-fc 4e 11 44 05 b7 51 1c,10.0.22000,23/2/2026 3:58:03 am,omnissans.local\philtest1,ANZ,NotAvailable,Enabled,Check for server certificate revocation,Computer Configuration/Administrative Templates/Windows Components/Internet Explorer/Internet Control Panel/Advanced Page
056a8277-0729-4975-a1df-fe1cf363c437,DESKTOP-O2445N2,VMware-56 4d ec f1 ba 9d df f1-fc 4e 11 44 05 b7 51 1c,10.0.22000,23/2/2026 3:58:03 am,omnissans.local\philtest1,ANZ,NotAvailable,Enabled,Boot-Start Driver Initialization Policy,Computer Configuration/Administrative Templates/System/Early Launch Antimalware
056a8277-0729-4975-a1df-fe1cf363c437,DESKTOP-O2445N2,VMware-56 4d ec f1 ba 9d df f1-fc 4e 11 44 05 b7 51 1c,10.0.22000,23/2/2026 3:58:03 am,omnissans.local\philtest1,ANZ,NotAvailable,Enabled,Back up files and directories,Computer Configuration/Windows Settings/Security Settings/Local Policies/User Rights Assignment
056a8277-0729-4975-a1df-fe1cf363c437,DESKTOP-O2445N2,VMware-56 4d ec f1 ba 9d df f1-fc 4e 11 44 05 b7 51 1c,10.0.22000,23/2/2026 3:58:03 am,omnissans.local\philtest1,ANZ,NotAvailable,Enabled,Automatic prompting for file downloads,Computer Configuration/Administrative Templates/Windows Components/Internet Explorer/Internet Control Panel/Security Page/Restricted Sites Zone
056a8277-0729-4975-a1df-fe1cf363c437,DESKTOP-O2445N2,VMware-56 4d ec f1 ba 9d df f1-fc 4e 11 44 05 b7 51 1c,10.0.22000,23/2/2026 3:58:03 am,omnissans.local\philtest1,ANZ,NotAvailable,Enabled,Automatic prompting for file downloads,Computer Configuration/Administrative Templates/Windows Components/Internet Explorer/Internet Control Panel/Security Page/Internet Zone
056a8277-0729-4975-a1df-fe1cf363c437,DESKTOP-O2445N2,VMware-56 4d ec f1 ba 9d df f1-fc 4e 11 44 05 b7 51 1c,10.0.22000,23/2/2026 3:58:03 am,omnissans.local\philtest1,ANZ,NotAvailable,Enabled,Audit: Force audit policy subcategory settings (Windows Vista or later) to override audit policy category settings,Computer Configuration/Windows Settings/Security Settings/Local Policies/Security Options
056a8277-0729-4975-a1df-fe1cf363c437,DESKTOP-O2445N2,VMware-56 4d ec f1 ba 9d df f1-fc 4e 11 44 05 b7 51 1c,10.0.22000,23/2/2026 3:58:03 am,omnissans.local\philtest1,ANZ,NotAvailable,Enabled,Audit User Account Management,Computer Configuration/Windows Settings/Security Settings/Advanced Audit Policy Configuration/System Audit Policies - Local Group Policy Object/Account Management
056a8277-0729-4975-a1df-fe1cf363c437,DESKTOP-O2445N2,VMware-56 4d ec f1 ba 9d df f1-fc 4e 11 44 05 b7 51 1c,10.0.22000,23/2/2026 3:58:03 am,omnissans.local\philtest1,ANZ,NotAvailable,Enabled,Audit System Integrity,Computer Configuration/Windows Settings/Security Settings/Advanced Audit Policy Configuration/System Audit Policies - Local Group Policy Object/System
056a8277-0729-4975-a1df-fe1cf363c437,DESKTOP-O2445N2,VMware-56 4d ec f1 ba 9d df f1-fc 4e 11 44 05 b7 51 1c,10.0.22000,23/2/2026 3:58:03 am,omnissans.local\philtest1,ANZ,NotAvailable,Enabled,Audit Special Logon,Computer Configuration/Windows Settings/Security Settings/Advanced Audit Policy Configuration/System Audit Policies - Local Group Policy Object/Logon/Logoff
056a8277-0729-4975-a1df-fe1cf363c437,DESKTOP-O2445N2,VMware-56 4d ec f1 ba 9d df f1-fc 4e 11 44 05 b7 51 1c,10.0.22000,23/2/2026 3:58:03 am,omnissans.local\philtest1,ANZ,NotAvailable,Enabled,Audit server does not support signing,Computer Configuration/Administrative Templates/Network/Lanman Workstation
056a8277-0729-4975-a1df-fe1cf363c437,DESKTOP-O2445N2,VMware-56 4d ec f1 ba 9d df f1-fc 4e 11 44 05 b7 51 1c,10.0.22000,23/2/2026 3:58:03 am,omnissans.local\philtest1,ANZ,NotAvailable,Enabled,Audit server does not support encryption,Computer Configuration/Administrative Templates/Network/Lanman Workstation
056a8277-0729-4975-a1df-fe1cf363c437,DESKTOP-O2445N2,VMware-56 4d ec f1 ba 9d df f1-fc 4e 11 44 05 b7 51 1c,10.0.22000,23/2/2026 3:58:03 am,omnissans.local\philtest1,ANZ,NotAvailable,Enabled,Audit Sensitive Privilege Use,Computer Configuration/Windows Settings/Security Settings/Advanced Audit Policy Configuration/System Audit Policies - Local Group Policy Object/Privilege Use
056a8277-0729-4975-a1df-fe1cf363c437,DESKTOP-O2445N2,VMware-56 4d ec f1 ba 9d df f1-fc 4e 11 44 05 b7 51 1c,10.0.22000,23/2/2026 3:58:03 am,omnissans.local\philtest1,ANZ,NotAvailable,Enabled,Audit Security System Extension,Computer Configuration/Windows Settings/Security Settings/Advanced Audit Policy Configuration/System Audit Policies - Local Group Policy Object/System
056a8277-0729-4975-a1df-fe1cf363c437,DESKTOP-O2445N2,VMware-56 4d ec f1 ba 9d df f1-fc 4e 11 44 05 b7 51 1c,10.0.22000,23/2/2026 3:58:03 am,omnissans.local\philtest1,ANZ,NotAvailable,Enabled,Audit Security State Change,Computer Configuration/Windows Settings/Security Settings/Advanced Audit Policy Configuration/System Audit Policies - Local Group Policy Object/System
056a8277-0729-4975-a1df-fe1cf363c437,DESKTOP-O2445N2,VMware-56 4d ec f1 ba 9d df f1-fc 4e 11 44 05 b7 51 1c,10.0.22000,23/2/2026 3:58:03 am,omnissans.local\philtest1,ANZ,NotAvailable,Enabled,Configure hash algorithms for certificate logon,Computer Configuration/Administrative Templates/System/KDC
056a8277-0729-4975-a1df-fe1cf363c437,DESKTOP-O2445N2,VMware-56 4d ec f1 ba 9d df f1-fc 4e 11 44 05 b7 51 1c,10.0.22000,23/2/2026 3:58:03 am,omnissans.local\philtest1,ANZ,NotAvailable,Enabled,Enable Structured Exception Handling Overwrite Protection (SEHOP),Computer Configuration/Administrative Templates/MS Security Guide
056a8277-0729-4975-a1df-fe1cf363c437,DESKTOP-O2445N2,VMware-56 4d ec f1 ba 9d df f1-fc 4e 11 44 05 b7 51 1c,10.0.22000,23/2/2026 3:58:03 am,omnissans.local\philtest1,ANZ,NotAvailable,Enabled,Configure hash algorithms for certificate logon,Computer Configuration/Administrative Templates/System/Kerberos
056a8277-0729-4975-a1df-fe1cf363c437,DESKTOP-O2445N2,VMware-56 4d ec f1 ba 9d df f1-fc 4e 11 44 05 b7 51 1c,10.0.22000,23/2/2026 3:58:03 am,omnissans.local\philtest1,ANZ,NotAvailable,Enabled,Configure monitoring for incoming and outgoing file and program activity,Computer Configuration/Administrative Templates/Windows Components/Microsoft Defender Antivirus/Real-time Protection
056a8277-0729-4975-a1df-fe1cf363c437,DESKTOP-O2445N2,VMware-56 4d ec f1 ba 9d df f1-fc 4e 11 44 05 b7 51 1c,10.0.22000,23/2/2026 3:58:03 am,omnissans.local\philtest1,ANZ,NotAvailable,Enabled,Configures LSASS to run as a protected process,Computer Configuration/Administrative Templates/System/Local Security Authority
056a8277-0729-4975-a1df-fe1cf363c437,DESKTOP-O2445N2,VMware-56 4d ec f1 ba 9d df f1-fc 4e 11 44 05 b7 51 1c,10.0.22000,23/2/2026 3:58:03 am,omnissans.local\philtest1,ANZ,NotAvailable,Enabled,Configure Windows Defender SmartScreen,Computer Configuration/Administrative Templates/Windows Components/Windows Defender SmartScreen/Explorer
056a8277-0729-4975-a1df-fe1cf363c437,DESKTOP-O2445N2,VMware-56 4d ec f1 ba 9d df f1-fc 4e 11 44 05 b7 51 1c,10.0.22000,23/2/2026 3:58:03 am,omnissans.local\philtest1,ANZ,NotAvailable,Enabled,Configure Windows Defender SmartScreen,Computer Configuration/Administrative Templates/Windows Components/File Explorer
056a8277-0729-4975-a1df-fe1cf363c437,DESKTOP-O2445N2,VMware-56 4d ec f1 ba 9d df f1-fc 4e 11 44 05 b7 51 1c,10.0.22000,23/2/2026 3:58:03 am,omnissans.local\philtest1,ANZ,NotAvailable,Enabled,Configure whether to report Dynamic Signature dropped events,Computer Configuration/Administrative Templates/Windows Components/Microsoft Defender Antivirus/Reporting
056a8277-0729-4975-a1df-fe1cf363c437,DESKTOP-O2445N2,VMware-56 4d ec f1 ba 9d df f1-fc 4e 11 44 05 b7 51 1c,10.0.22000,23/2/2026 3:58:03 am,omnissans.local\philtest1,ANZ,NotAvailable,Disabled,Configure the transmission of the user's password in the content of MPR notifications sent by winlogon.,Computer Configuration/Administrative Templates/Windows Components/Windows Logon Options
056a8277-0729-4975-a1df-fe1cf363c437,DESKTOP-O2445N2,VMware-56 4d ec f1 ba 9d df f1-fc 4e 11 44 05 b7 51 1c,10.0.22000,23/2/2026 3:58:03 am,omnissans.local\philtest1,ANZ,NotAvailable,Enabled,Configure the 'Block at First Sight' feature,Computer Configuration/Administrative Templates/Windows Components/Microsoft Defender Antivirus/MAPS
056a8277-0729-4975-a1df-fe1cf363c437,DESKTOP-O2445N2,VMware-56 4d ec f1 ba 9d df f1-fc 4e 11 44 05 b7 51 1c,10.0.22000,23/2/2026 3:58:03 am,omnissans.local\philtest1,ANZ,NotAvailable,Enabled,Configure the behavior of the sudo command,Computer Configuration/Administrative Templates/System
056a8277-0729-4975-a1df-fe1cf363c437,DESKTOP-O2445N2,VMware-56 4d ec f1 ba 9d df f1-fc 4e 11 44 05 b7 51 1c,10.0.22000,23/2/2026 3:58:03 am,omnissans.local\philtest1,ANZ,NotAvailable,Disabled,Configure Solicited Remote Assistance,Computer Configuration/Administrative Templates/System/Remote Assistance
056a8277-0729-4975-a1df-fe1cf363c437,DESKTOP-O2445N2,VMware-56 4d ec f1 ba 9d df f1-fc 4e 11 44 05 b7 51 1c,10.0.22000,23/2/2026 3:58:03 am,omnissans.local\philtest1,ANZ,NotAvailable,Disabled,Configure SMB v1 server,Computer Configuration/Administrative Templates/MS Security Guide
056a8277-0729-4975-a1df-fe1cf363c437,DESKTOP-O2445N2,VMware-56 4d ec f1 ba 9d df f1-fc 4e 11 44 05 b7 51 1c,10.0.22000,23/2/2026 3:58:03 am,omnissans.local\philtest1,ANZ,NotAvailable,Enabled,Configure SMB v1 client driver,Computer Configuration/Administrative Templates/MS Security Guide
056a8277-0729-4975-a1df-fe1cf363c437,DESKTOP-O2445N2,VMware-56 4d ec f1 ba 9d df f1-fc 4e 11 44 05 b7 51 1c,10.0.22000,23/2/2026 3:58:03 am,omnissans.local\philtest1,ANZ,NotAvailable,Enabled,Configure RPC packet level privacy setting for incoming connections,Computer Configuration/Administrative Templates/Printers
056a8277-0729-4975-a1df-fe1cf363c437,DESKTOP-O2445N2,VMware-56 4d ec f1 ba 9d df f1-fc 4e 11 44 05 b7 51 1c,10.0.22000,23/2/2026 3:58:03 am,omnissans.local\philtest1,ANZ,NotAvailable,Enabled,Configure RPC packet level privacy setting for incoming connections,Computer Configuration/Administrative Templates/MS Security Guide
056a8277-0729-4975-a1df-fe1cf363c437,DESKTOP-O2445N2,VMware-56 4d ec f1 ba 9d df f1-fc 4e 11 44 05 b7 51 1c,10.0.22000,23/2/2026 3:58:03 am,omnissans.local\philtest1,ANZ,NotAvailable,Enabled,Configure RPC over TCP port,Computer Configuration/Administrative Templates/Printers
056a8277-0729-4975-a1df-fe1cf363c437,DESKTOP-O2445N2,VMware-56 4d ec f1 ba 9d df f1-fc 4e 11 44 05 b7 51 1c,10.0.22000,23/2/2026 3:58:03 am,omnissans.local\philtest1,ANZ,NotAvailable,Enabled,Configure RPC listener settings,Computer Configuration/Administrative Templates/Printers
056a8277-0729-4975-a1df-fe1cf363c437,DESKTOP-O2445N2,VMware-56 4d ec f1 ba 9d df f1-fc 4e 11 44 05 b7 51 1c,10.0.22000,23/2/2026 3:58:03 am,omnissans.local\philtest1,ANZ,NotAvailable,Enabled,Configure RPC connection settings,Computer Configuration/Administrative Templates/Printers
056a8277-0729-4975-a1df-fe1cf363c437,DESKTOP-O2445N2,VMware-56 4d ec f1 ba 9d df f1-fc 4e 11 44 05 b7 51 1c,10.0.22000,23/2/2026 3:58:03 am,omnissans.local\philtest1,ANZ,NotAvailable,Enabled,Configure Redirection Guard,Computer Configuration/Administrative Templates/Printers
056a8277-0729-4975-a1df-fe1cf363c437,DESKTOP-O2445N2,VMware-56 4d ec f1 ba 9d df f1-fc 4e 11 44 05 b7 51 1c,10.0.22000,23/2/2026 3:58:03 am,omnissans.local\philtest1,ANZ,NotAvailable,Enabled,Configure real-time protection and Security Intelligence Updates during OOBE,Computer Configuration/Administrative Templates/Windows Components/Microsoft Defender Antivirus/Real-time Protection
056a8277-0729-4975-a1df-fe1cf363c437,DESKTOP-O2445N2,VMware-56 4d ec f1 ba 9d df f1-fc 4e 11 44 05 b7 51 1c,10.0.22000,23/2/2026 3:58:03 am,omnissans.local\philtest1,ANZ,NotAvailable,Enabled,Configure password backup directory,Computer Configuration/Administrative Templates/System/LAPS
056a8277-0729-4975-a1df-fe1cf363c437,DESKTOP-O2445N2,VMware-56 4d ec f1 ba 9d df f1-fc 4e 11 44 05 b7 51 1c,10.0.22000,23/2/2026 3:58:03 am,omnissans.local\philtest1,ANZ,NotAvailable,Enabled,Configure NetBIOS settings,Computer Configuration/Administrative Templates/Network/DNS Client
056a8277-0729-4975-a1df-fe1cf363c437,DESKTOP-O2445N2,VMware-56 4d ec f1 ba 9d df f1-fc 4e 11 44 05 b7 51 1c,10.0.22000,23/2/2026 3:58:03 am,omnissans.local\philtest1,ANZ,NotAvailable,Disabled,Configure local administrator merge behavior for lists,Computer Configuration/Administrative Templates/Windows Components/Microsoft Defender Antivirus
056a8277-0729-4975-a1df-fe1cf363c437,DESKTOP-O2445N2,VMware-56 4d ec f1 ba 9d df f1-fc 4e 11 44 05 b7 51 1c,10.0.22000,23/2/2026 3:58:03 am,omnissans.local\philtest1,ANZ,NotAvailable,Enabled,Xbox Live Networking Service (XboxNetApiSvc),Computer Configuration/Windows Settings/Security Settings/System Services